INSERT INTO "order" (order_id,card_id,device_id,staff_id,old_order_id,total,status,image1,image2,image3,is_flagged,is_correction,code,created_at,updated_at,is_deleted,is_suspended) VALUES
	 ('81e8d956-c09f-4df8-8fa5-1177342bcede'::uuid,'e5f6a7b8-c9d0-4123-ef01-5678901234ef'::uuid,'625f0c18-2248-4991-82ff-f7add17302d9'::uuid,NULL,NULL,47700.00,'FINISHED','https://reinir.mooo.com/files/d9e025cd1b92a8ccf183.jpg','https://reinir.mooo.com/files/12388714b94b0a15535a.jpg','https://reinir.mooo.com/files/aa06332b0d74be2ae765.jpg',false,false,'ORDE282917250409','2025-04-06 00:00:00','2025-04-09 10:01:23.933081',false,false),
	 ('9ade6902-9aca-471f-811b-eb9fb121138d'::uuid,'e5f6a7b8-c9d0-4123-ef01-5678901234ef'::uuid,'625f0c18-2248-4991-82ff-f7add17302d9'::uuid,NULL,NULL,12900.00,'FINISHED','https://reinir.mooo.com/files/aa06332b0d74be2ae765.jpg','https://reinir.mooo.com/files/12388714b94b0a15535a.jpg','https://reinir.mooo.com/files/d9e025cd1b92a8ccf183.jpg',false,false,'ORDE382818250409','2025-03-28 00:00:00','2025-04-09 10:02:51.325177',false,false),
	 ('a51db88a-328c-4890-b029-4ea928e9bf15'::uuid,'e5f6a7b8-c9d0-4123-ef01-5678901234ef'::uuid,'625f0c18-2248-4991-82ff-f7add17302d9'::uuid,NULL,NULL,19900.00,'FINISHED','https://reinir.mooo.com/files/aa06332b0d74be2ae765.jpg','https://reinir.mooo.com/files/12388714b94b0a15535a.jpg','https://reinir.mooo.com/files/d9e025cd1b92a8ccf183.jpg',false,false,'ORDE792610250409','2025-04-01 00:00:00','2025-04-09 10:05:20.758077',false,false),
	 ('27a79e7b-2c41-4ba9-9362-7d20ccf6d2ed'::uuid,'e5f6a7b8-c9d0-4123-ef01-5678901234ef'::uuid,'625f0c18-2248-4991-82ff-f7add17302d9'::uuid,NULL,NULL,11900.00,'FINISHED','https://reinir.mooo.com/files/aa06332b0d74be2ae765.jpg','https://reinir.mooo.com/files/12388714b94b0a15535a.jpg','https://reinir.mooo.com/files/d9e025cd1b92a8ccf183.jpg',false,false,'ORDE841315250409','2025-04-05 00:00:00','2025-04-09 10:06:14.212588',false,false),
	 ('ccd7723c-e7bf-43b8-ab94-01e0643cbedf'::uuid,'e5f6a7b8-c9d0-4123-ef01-5678901234ef'::uuid,'625f0c18-2248-4991-82ff-f7add17302d9'::uuid,NULL,NULL,11900.00,'FINISHED','https://reinir.mooo.com/files/aa06332b0d74be2ae765.jpg','https://reinir.mooo.com/files/12388714b94b0a15535a.jpg','https://reinir.mooo.com/files/d9e025cd1b92a8ccf183.jpg',false,false,'ORDE022724250409','2025-03-24 00:00:00','2025-04-09 10:06:26.741392',false,false),
	 ('f1d7507f-6743-467b-a941-5243714f0e68'::uuid,'e5f6a7b8-c9d0-4123-ef01-5678901234ef'::uuid,'625f0c18-2248-4991-82ff-f7add17302d9'::uuid,NULL,NULL,19900.00,'FINISHED','https://reinir.mooo.com/files/aa06332b0d74be2ae765.jpg','https://reinir.mooo.com/files/12388714b94b0a15535a.jpg','https://reinir.mooo.com/files/d9e025cd1b92a8ccf183.jpg',false,false,'ORDE486682250409','2025-04-08 00:00:00','2025-04-09 10:06:35.661549',false,false),
	 ('b489d2db-c5fc-466b-888d-c38d7303d4de'::uuid,'e5f6a7b8-c9d0-4123-ef01-5678901234ef'::uuid,'625f0c18-2248-4991-82ff-f7add17302d9'::uuid,NULL,NULL,19900.00,'FINISHED','https://reinir.mooo.com/files/aa06332b0d74be2ae765.jpg','https://reinir.mooo.com/files/12388714b94b0a15535a.jpg','https://reinir.mooo.com/files/d9e025cd1b92a8ccf183.jpg',false,false,'ORDE741994250409','2025-04-02 00:00:00','2025-04-09 10:14:54.671523',false,false),
	 ('45348a2c-862f-4aa8-961a-2797d369291a'::uuid,NULL,'625f0c18-2248-4991-82ff-f7add17302d9'::uuid,NULL,NULL,12900.00,'CANCELLED','https://reinir.mooo.com/files/aa06332b0d74be2ae765.jpg','https://reinir.mooo.com/files/12388714b94b0a15535a.jpg','https://reinir.mooo.com/files/d9e025cd1b92a8ccf183.jpg',false,false,'ORDE533020250409','2025-03-18 00:00:00','2025-04-10 00:00:34.779812',false,false),
	 ('0cdea66a-df3c-41c5-8ab8-4980bd55635d'::uuid,NULL,'625f0c18-2248-4991-82ff-f7add17302d9'::uuid,NULL,NULL,12900.00,'CANCELLED','https://reinir.mooo.com/files/aa06332b0d74be2ae765.jpg','https://reinir.mooo.com/files/12388714b94b0a15535a.jpg','https://reinir.mooo.com/files/d9e025cd1b92a8ccf183.jpg',false,false,'ORDE115458250409','2025-03-23 00:00:00','2025-04-10 00:00:34.779812',false,false),
	 ('ff2e1cbf-cb54-460c-8008-c53105039802'::uuid,NULL,'625f0c18-2248-4991-82ff-f7add17302d9'::uuid,NULL,NULL,41800.00,'CANCELLED','https://reinir.mooo.com/files/aa06332b0d74be2ae765.jpg','https://reinir.mooo.com/files/12388714b94b0a15535a.jpg','https://reinir.mooo.com/files/d9e025cd1b92a8ccf183.jpg',false,false,'ORDE007423250409','2025-03-31 00:00:00','2025-04-10 00:00:34.779812',false,false);
INSERT INTO "order" (order_id,card_id,device_id,staff_id,old_order_id,total,status,image1,image2,image3,is_flagged,is_correction,code,created_at,updated_at,is_deleted,is_suspended) VALUES
	 ('21241ecb-b14b-42a0-966f-8c13a1368acb'::uuid,NULL,'625f0c18-2248-4991-82ff-f7add17302d9'::uuid,NULL,NULL,0.00,'CANCELLED','https://reinir.mooo.com/files/aa06332b0d74be2ae765.jpg','https://reinir.mooo.com/files/12388714b94b0a15535a.jpg','https://reinir.mooo.com/files/d9e025cd1b92a8ccf183.jpg',false,false,'ORDE464191250409','2025-03-16 00:00:00','2025-04-10 00:00:34.779812',false,false),
	 ('f90a7e14-22a6-48ae-852b-324cd11b448a'::uuid,NULL,'625f0c18-2248-4991-82ff-f7add17302d9'::uuid,NULL,NULL,11900.00,'CANCELLED','https://reinir.mooo.com/files/aa06332b0d74be2ae765.jpg','https://reinir.mooo.com/files/12388714b94b0a15535a.jpg','https://reinir.mooo.com/files/d9e025cd1b92a8ccf183.jpg',false,false,'ORDE400546250409','2025-04-08 00:00:00','2025-04-10 00:00:34.779812',false,false),
	 ('5751a689-d04b-4063-b103-d0789f7e226a'::uuid,NULL,'625f0c18-2248-4991-82ff-f7add17302d9'::uuid,NULL,NULL,12900.00,'CANCELLED','https://reinir.mooo.com/files/aa06332b0d74be2ae765.jpg','https://reinir.mooo.com/files/12388714b94b0a15535a.jpg','https://reinir.mooo.com/files/d9e025cd1b92a8ccf183.jpg',false,false,'ORDE244298250409','2025-03-17 00:00:00','2025-04-10 00:00:34.779812',false,false),
	 ('8b17d112-fbc0-4918-88c3-6c006e9c85d9'::uuid,NULL,'3fa85f64-5717-4562-b3fc-2c963f66a001'::uuid,NULL,NULL,17900.00,'CANCELLED','/images/3339516a-8b65-4826-9f19-88a8d887a271.jpg','/images/3339516a-8b65-4826-9f19-88a8d887a272.jpg','/images/3339516a-8b65-4826-9f19-88a8d887a273.jpg',false,false,'ORDE092475250409','2025-03-20 00:00:00','2025-04-10 00:00:34.779812',false,false),
	 ('809f9633-0e81-4dc4-a388-8c8c847d800a'::uuid,NULL,'3fa85f64-5717-4562-b3fc-2c963f66a001'::uuid,NULL,NULL,47700.00,'CANCELLED','/images/3339516a-8b65-4826-9f19-88a8d887a271.jpg','/images/3339516a-8b65-4826-9f19-88a8d887a272.jpg','/images/3339516a-8b65-4826-9f19-88a8d887a273.jpg',false,false,'ORDE237666250409','2025-04-07 00:00:00','2025-04-11 00:00:34.772504',false,false),
	 ('653432c6-2de3-40c7-a626-af2297dd52a2'::uuid,NULL,'3fa85f64-5717-4562-b3fc-2c963f66a001'::uuid,NULL,NULL,57700.00,'CANCELLED','/images/3339516a-8b65-4826-9f19-88a8d887a271.jpg','/images/3339516a-8b65-4826-9f19-88a8d887a272.jpg','/images/3339516a-8b65-4826-9f19-88a8d887a273.jpg',false,false,'ORDE871474250409','2025-03-23 00:00:00','2025-04-11 00:00:34.772504',false,false),
	 ('c25b85c7-8661-44b2-9100-2396e6c32c08'::uuid,NULL,'3fa85f64-5717-4562-b3fc-2c963f66a001'::uuid,NULL,NULL,11900.00,'CANCELLED','temp/images/3339516a-8b65-4826-9f19-88a8d887a271.jpg','temp/images/3339516a-8b65-4826-9f19-88a8d887a272.jpg','temp/images/3339516a-8b65-4826-9f19-88a8d887a273.jpg',false,false,'ORDE892199250409','2025-03-19 00:00:00','2025-04-11 00:00:34.772504',false,false),
	 ('64f976b5-ff56-42d3-aa11-cbbe09de7ab8'::uuid,NULL,'3fa85f64-5717-4562-b3fc-2c963f66a001'::uuid,NULL,NULL,19900.00,'CANCELLED','https://reinir.mooo.com/files/5311b250-a686-44ad-bbe6-d2c740987fda.jpg','','',false,false,'ORDE760517250409','2025-04-09 00:00:00','2025-04-11 00:00:34.772504',false,false),
	 ('0d685614-f4b8-4021-b09a-fe80097ae7d1'::uuid,NULL,'3fa85f64-5717-4562-b3fc-2c963f66a001'::uuid,NULL,NULL,92500.00,'CANCELLED','https://reinir.mooo.com/files/food.jpg','https://reinir.mooo.com/files/food.jpg','https://reinir.mooo.com/files/food.jpg',false,false,'ORDE563248250409','2025-03-26 00:00:00','2025-04-11 00:00:34.772504',false,false),
	 ('e298b35f-424e-4132-96d4-7cfbef0c999d'::uuid,NULL,'3fa85f64-5717-4562-b3fc-2c963f66a001'::uuid,NULL,NULL,92500.00,'CANCELLED','https://reinir.mooo.com/files/food.jpg','https://reinir.mooo.com/files/food.jpg','https://reinir.mooo.com/files/food.jpg',false,false,'ORDE755160250409','2025-03-29 00:00:00','2025-04-11 00:00:34.772504',false,false);
INSERT INTO "order" (order_id,card_id,device_id,staff_id,old_order_id,total,status,image1,image2,image3,is_flagged,is_correction,code,created_at,updated_at,is_deleted,is_suspended) VALUES
	 ('5e58eb40-1d3c-4348-bb8b-6c8e4c12bf67'::uuid,NULL,'3fa85f64-5717-4562-b3fc-2c963f66a001'::uuid,NULL,NULL,92500.00,'CANCELLED','https://reinir.mooo.com/files/food.jpg','https://reinir.mooo.com/files/food.jpg','https://reinir.mooo.com/files/food.jpg',false,false,'ORDE019606250410','2025-03-22 00:00:00','2025-04-11 00:00:34.772504',false,false),
	 ('6a01b642-c668-4a0c-a1d3-9d9c96fb280a'::uuid,NULL,'3fa85f64-5717-4562-b3fc-2c963f66a001'::uuid,NULL,NULL,47700.00,'CANCELLED','https://reinir.mooo.com/files/d9e025cd1b92a8ccf183.jpg','https://reinir.mooo.com/files/12388714b94b0a15535a.jpg','https://reinir.mooo.com/files/aa06332b0d74be2ae765.jpg',false,false,'ORDE368601250410','2025-03-26 00:00:00','2025-04-11 00:00:34.772504',false,false),
	 ('4c85443b-c880-487d-b271-93f6c97fbaf1'::uuid,'e5f6a7b8-c9d0-4123-ef01-5678901234ef'::uuid,'625f0c18-2248-4991-82ff-f7add17302d9'::uuid,NULL,NULL,15900.00,'FINISHED','https://reinir.mooo.com/files/aa06332b0d74be2ae765.jpg','https://reinir.mooo.com/files/12388714b94b0a15535a.jpg','https://reinir.mooo.com/files/d9e025cd1b92a8ccf183.jpg',false,false,'ORDE829263250409','2025-03-25 00:00:00','2025-04-09 10:06:45.492335',false,false),
	 ('90ecead0-ae49-4717-b2ed-9e0d6329f734'::uuid,'e5f6a7b8-c9d0-4123-ef01-5678901234ef'::uuid,'625f0c18-2248-4991-82ff-f7add17302d9'::uuid,NULL,NULL,12900.00,'FINISHED','https://reinir.mooo.com/files/aa06332b0d74be2ae765.jpg','https://reinir.mooo.com/files/12388714b94b0a15535a.jpg','https://reinir.mooo.com/files/d9e025cd1b92a8ccf183.jpg',false,false,'ORDE462421250409','2025-03-23 00:00:00','2025-04-09 10:06:54.666255',false,false),
	 ('7893d725-a670-4018-a56f-376c46fa70f6'::uuid,'e5f6a7b8-c9d0-4123-ef01-5678901234ef'::uuid,'625f0c18-2248-4991-82ff-f7add17302d9'::uuid,NULL,NULL,12900.00,'FINISHED','https://reinir.mooo.com/files/aa06332b0d74be2ae765.jpg','https://reinir.mooo.com/files/12388714b94b0a15535a.jpg','https://reinir.mooo.com/files/d9e025cd1b92a8ccf183.jpg',false,false,'ORDE363499250409','2025-04-02 00:00:00','2025-04-09 10:07:06.923054',false,false),
	 ('49353c3b-7ef7-403e-af1d-9e7d6159ef50'::uuid,'e5f6a7b8-c9d0-4123-ef01-5678901234ef'::uuid,'625f0c18-2248-4991-82ff-f7add17302d9'::uuid,NULL,NULL,36800.00,'FINISHED','https://reinir.mooo.com/files/aa06332b0d74be2ae765.jpg','https://reinir.mooo.com/files/12388714b94b0a15535a.jpg','https://reinir.mooo.com/files/d9e025cd1b92a8ccf183.jpg',false,false,'ORDE323669250409','2025-03-16 00:00:00','2025-04-09 10:07:16.842495',false,false),
	 ('b31dd818-0948-4ed9-824e-4ca67aa34759'::uuid,'e5f6a7b8-c9d0-4123-ef01-5678901234ef'::uuid,'625f0c18-2248-4991-82ff-f7add17302d9'::uuid,NULL,NULL,38800.00,'FINISHED','https://reinir.mooo.com/files/aa06332b0d74be2ae765.jpg','https://reinir.mooo.com/files/12388714b94b0a15535a.jpg','https://reinir.mooo.com/files/d9e025cd1b92a8ccf183.jpg',false,false,'ORDE695350250409','2025-03-27 00:00:00','2025-04-09 10:07:40.395502',false,false),
	 ('01dee123-4948-4c16-8d07-42fbe02a8da4'::uuid,'e5f6a7b8-c9d0-4123-ef01-5678901234ef'::uuid,'625f0c18-2248-4991-82ff-f7add17302d9'::uuid,NULL,NULL,12900.00,'FINISHED','https://reinir.mooo.com/files/aa06332b0d74be2ae765.jpg','https://reinir.mooo.com/files/12388714b94b0a15535a.jpg','https://reinir.mooo.com/files/d9e025cd1b92a8ccf183.jpg',false,false,'ORDE126477250409','2025-04-06 00:00:00','2025-04-09 10:09:30.07863',false,false),
	 ('d6e8745f-f353-4ff5-b439-790a1e090e8a'::uuid,'e5f6a7b8-c9d0-4123-ef01-5678901234ef'::uuid,'625f0c18-2248-4991-82ff-f7add17302d9'::uuid,NULL,NULL,37800.00,'FINISHED','https://reinir.mooo.com/files/aa06332b0d74be2ae765.jpg','https://reinir.mooo.com/files/12388714b94b0a15535a.jpg','https://reinir.mooo.com/files/d9e025cd1b92a8ccf183.jpg',false,false,'ORDE936620250409','2025-04-01 00:00:00','2025-04-09 10:09:40.210644',false,false),
	 ('450e1abb-d4b4-4916-94a3-2fc688e2cfda'::uuid,'e5f6a7b8-c9d0-4123-ef01-5678901234ef'::uuid,'625f0c18-2248-4991-82ff-f7add17302d9'::uuid,NULL,NULL,33800.00,'FINISHED','https://reinir.mooo.com/files/aa06332b0d74be2ae765.jpg','https://reinir.mooo.com/files/12388714b94b0a15535a.jpg','https://reinir.mooo.com/files/d9e025cd1b92a8ccf183.jpg',false,false,'ORDE705039250409','2025-03-23 00:00:00','2025-04-09 10:10:50.686844',false,false);
INSERT INTO "order" (order_id,card_id,device_id,staff_id,old_order_id,total,status,image1,image2,image3,is_flagged,is_correction,code,created_at,updated_at,is_deleted,is_suspended) VALUES
	 ('2d5a3ccb-168c-428c-a42a-1538db744ca0'::uuid,'e5f6a7b8-c9d0-4123-ef01-5678901234ef'::uuid,'625f0c18-2248-4991-82ff-f7add17302d9'::uuid,NULL,NULL,19900.00,'FINISHED','https://reinir.mooo.com/files/aa06332b0d74be2ae765.jpg','https://reinir.mooo.com/files/12388714b94b0a15535a.jpg','https://reinir.mooo.com/files/d9e025cd1b92a8ccf183.jpg',false,false,'ORDE655914250409','2025-04-07 00:00:00','2025-04-09 10:11:02.093981',false,false),
	 ('26d79d9c-8a22-4315-ace8-56780cf17110'::uuid,'e5f6a7b8-c9d0-4123-ef01-5678901234ef'::uuid,'625f0c18-2248-4991-82ff-f7add17302d9'::uuid,NULL,NULL,62600.00,'FINISHED','https://reinir.mooo.com/files/aa06332b0d74be2ae765.jpg','https://reinir.mooo.com/files/12388714b94b0a15535a.jpg','https://reinir.mooo.com/files/d9e025cd1b92a8ccf183.jpg',false,false,'ORDE712459250409','2025-03-23 00:00:00','2025-04-09 10:12:11.332312',false,false),
	 ('11711d74-1de5-4ba3-9dae-b5ce81384213'::uuid,'e5f6a7b8-c9d0-4123-ef01-5678901234ef'::uuid,'625f0c18-2248-4991-82ff-f7add17302d9'::uuid,NULL,NULL,18900.00,'FINISHED','https://reinir.mooo.com/files/aa06332b0d74be2ae765.jpg','https://reinir.mooo.com/files/12388714b94b0a15535a.jpg','https://reinir.mooo.com/files/d9e025cd1b92a8ccf183.jpg',false,false,'ORDE179839250409','2025-03-14 00:00:00','2025-04-09 10:13:39.118534',false,false),
	 ('021145a7-918f-4278-b675-796760b1177d'::uuid,'e5f6a7b8-c9d0-4123-ef01-5678901234ef'::uuid,'625f0c18-2248-4991-82ff-f7add17302d9'::uuid,NULL,NULL,37800.00,'FINISHED','https://reinir.mooo.com/files/aa06332b0d74be2ae765.jpg','https://reinir.mooo.com/files/12388714b94b0a15535a.jpg','https://reinir.mooo.com/files/d9e025cd1b92a8ccf183.jpg',false,false,'ORDE775606250409','2025-04-03 00:00:00','2025-04-09 10:13:54.247375',false,false),
	 ('e87fe469-da67-4b66-b1b5-f79f737a78e9'::uuid,'e5f6a7b8-c9d0-4123-ef01-5678901234ef'::uuid,'625f0c18-2248-4991-82ff-f7add17302d9'::uuid,NULL,NULL,36800.00,'FINISHED','https://reinir.mooo.com/files/aa06332b0d74be2ae765.jpg','https://reinir.mooo.com/files/12388714b94b0a15535a.jpg','https://reinir.mooo.com/files/d9e025cd1b92a8ccf183.jpg',false,false,'ORDE269140250409','2025-03-31 00:00:00','2025-04-09 10:14:05.238705',false,false);


INSERT INTO order_item (order_item_id,order_id,product_id,count,unit_price,code,created_at,updated_at,is_deleted,is_suspended) VALUES
	 ('602950f6-b72b-4905-8a3c-94c5e7f6c46a'::uuid,'81e8d956-c09f-4df8-8fa5-1177342bcede'::uuid,'a1b2c3d4-5678-90ab-cdef-123456789017'::uuid,1,12900.00,'ORDE720145250409','2025-04-06 00:00:00','2025-04-09 10:01:08.952297',false,false),
	 ('89c58f9c-be9e-47dd-9ddc-6ea1b9f7189b'::uuid,'81e8d956-c09f-4df8-8fa5-1177342bcede'::uuid,'a1b2c3d4-5678-90ab-cdef-123456789021'::uuid,1,18900.00,'ORDE673861250409','2025-04-06 00:00:00','2025-04-09 10:01:08.914071',false,false),
	 ('a83e6baa-16b0-42ca-8016-0ec2a9bc75ac'::uuid,'81e8d956-c09f-4df8-8fa5-1177342bcede'::uuid,'a1b2c3d4-5678-90ab-cdef-123456789022'::uuid,1,15900.00,'ORDE665895250409','2025-04-06 00:00:00','2025-04-09 10:01:08.950766',false,false),
	 ('6e9ec237-186d-4b9d-bb72-40af50180ace'::uuid,'9ade6902-9aca-471f-811b-eb9fb121138d'::uuid,'a1b2c3d4-5678-90ab-cdef-123456789007'::uuid,1,12900.00,'ORDE044307250409','2025-03-28 00:00:00','2025-04-09 10:02:10.5121',false,false),
	 ('07f99c0b-717b-40ca-9cab-bf5f841646e0'::uuid,'45348a2c-862f-4aa8-961a-2797d369291a'::uuid,'a1b2c3d4-5678-90ab-cdef-123456789007'::uuid,1,12900.00,'ORDE417746250409','2025-03-18 00:00:00','2025-04-09 10:04:04.276026',false,false),
	 ('40d615f2-f634-42ae-952a-de3b5929812e'::uuid,'a51db88a-328c-4890-b029-4ea928e9bf15'::uuid,'a1b2c3d4-5678-90ab-cdef-123456789005'::uuid,1,19900.00,'ORDE093190250409','2025-04-01 00:00:00','2025-04-09 10:04:21.235732',false,false),
	 ('529e2162-fe01-4d39-a743-be02c6186a27'::uuid,'27a79e7b-2c41-4ba9-9362-7d20ccf6d2ed'::uuid,'a1b2c3d4-5678-90ab-cdef-123456789008'::uuid,1,11900.00,'ORDE865204250409','2025-04-05 00:00:00','2025-04-09 10:06:10.682422',false,false),
	 ('fcc5b9d4-a87a-4d5d-ba26-244a86c3f599'::uuid,'ccd7723c-e7bf-43b8-ab94-01e0643cbedf'::uuid,'a1b2c3d4-5678-90ab-cdef-123456789008'::uuid,1,11900.00,'ORDE198888250409','2025-03-24 00:00:00','2025-04-09 10:06:20.861104',false,false),
	 ('4dbb4dc7-b19b-4f4e-8418-ac09509c0390'::uuid,'f1d7507f-6743-467b-a941-5243714f0e68'::uuid,'a1b2c3d4-5678-90ab-cdef-123456789006'::uuid,1,19900.00,'ORDE665361250409','2025-04-08 00:00:00','2025-04-09 10:06:30.364668',false,false),
	 ('5d35c41d-481c-4e5a-a03b-a46e0c38740e'::uuid,'4c85443b-c880-487d-b271-93f6c97fbaf1'::uuid,'a1b2c3d4-5678-90ab-cdef-123456789010'::uuid,1,15900.00,'ORDE609177250409','2025-03-25 00:00:00','2025-04-09 10:06:39.608044',false,false);
INSERT INTO order_item (order_item_id,order_id,product_id,count,unit_price,code,created_at,updated_at,is_deleted,is_suspended) VALUES
	 ('fba18ced-add9-4717-a9db-40d275eb7bb9'::uuid,'90ecead0-ae49-4717-b2ed-9e0d6329f734'::uuid,'a1b2c3d4-5678-90ab-cdef-123456789011'::uuid,1,12900.00,'ORDE020091250409','2025-03-23 00:00:00','2025-04-09 10:06:49.290331',false,false),
	 ('756d5ca9-81d5-4ee0-8b24-d502a0ea2f11'::uuid,'0cdea66a-df3c-41c5-8ab8-4980bd55635d'::uuid,'a1b2c3d4-5678-90ab-cdef-123456789011'::uuid,1,12900.00,'ORDE789993250409','2025-03-23 00:00:00','2025-04-09 10:06:59.173767',false,false),
	 ('7c1cbf69-0005-46a8-bee0-947a3fafd64c'::uuid,'7893d725-a670-4018-a56f-376c46fa70f6'::uuid,'a1b2c3d4-5678-90ab-cdef-123456789007'::uuid,1,12900.00,'ORDE884694250409','2025-04-02 00:00:00','2025-04-09 10:07:02.724945',false,false),
	 ('a922d1c5-29fa-487d-8901-6d7953a5b3f7'::uuid,'49353c3b-7ef7-403e-af1d-9e7d6159ef50'::uuid,'a1b2c3d4-5678-90ab-cdef-123456789009'::uuid,1,17900.00,'ORDE199520250409','2025-03-16 00:00:00','2025-04-09 10:07:11.388794',false,false),
	 ('ee206561-c664-4460-bd03-d4869aaf1cb9'::uuid,'49353c3b-7ef7-403e-af1d-9e7d6159ef50'::uuid,'a1b2c3d4-5678-90ab-cdef-123456789003'::uuid,1,18900.00,'ORDE587213250409','2025-03-16 00:00:00','2025-04-09 10:07:11.388755',false,false),
	 ('ed375c4c-0e79-46b6-93db-6082c5e77683'::uuid,'ff2e1cbf-cb54-460c-8008-c53105039802'::uuid,'a1b2c3d4-5678-90ab-cdef-123456789011'::uuid,1,12900.00,'ORDE979665250409','2025-03-31 00:00:00','2025-04-09 10:07:25.148952',false,false),
	 ('fc027a94-e035-4f05-9768-551f841855a3'::uuid,'ff2e1cbf-cb54-460c-8008-c53105039802'::uuid,'a1b2c3d4-5678-90ab-cdef-123456789018'::uuid,1,28900.00,'ORDE815385250409','2025-03-31 00:00:00','2025-04-09 10:07:25.148906',false,false),
	 ('637b7e53-b1d3-467d-9ef6-e46d9f0ebc59'::uuid,'b31dd818-0948-4ed9-824e-4ca67aa34759'::uuid,'a1b2c3d4-5678-90ab-cdef-123456789021'::uuid,1,18900.00,'ORDE345166250409','2025-03-27 00:00:00','2025-04-09 10:07:33.204274',false,false),
	 ('b70ae4c2-c47f-4b33-8c12-c425cb9e827c'::uuid,'b31dd818-0948-4ed9-824e-4ca67aa34759'::uuid,'a1b2c3d4-5678-90ab-cdef-123456789001'::uuid,1,19900.00,'ORDE296569250409','2025-03-27 00:00:00','2025-04-09 10:07:33.204369',false,false),
	 ('79936223-930c-40e5-8be9-4568b771f285'::uuid,'01dee123-4948-4c16-8d07-42fbe02a8da4'::uuid,'a1b2c3d4-5678-90ab-cdef-123456789011'::uuid,1,12900.00,'ORDE303690250409','2025-04-06 00:00:00','2025-04-09 10:09:22.167709',false,false);
INSERT INTO order_item (order_item_id,order_id,product_id,count,unit_price,code,created_at,updated_at,is_deleted,is_suspended) VALUES
	 ('50e2f7cf-f6e5-42e2-9173-619b314892b5'::uuid,'d6e8745f-f353-4ff5-b439-790a1e090e8a'::uuid,'a1b2c3d4-5678-90ab-cdef-123456789020'::uuid,1,19900.00,'ORDE244678250409','2025-04-01 00:00:00','2025-04-09 10:09:34.642615',false,false),
	 ('8b5ee517-82cb-4539-a7be-8d36d8be81a0'::uuid,'d6e8745f-f353-4ff5-b439-790a1e090e8a'::uuid,'a1b2c3d4-5678-90ab-cdef-123456789009'::uuid,1,17900.00,'ORDE687584250409','2025-04-01 00:00:00','2025-04-09 10:09:34.642717',false,false),
	 ('2c4486d3-3c86-4f21-9d17-f03b49535fde'::uuid,'450e1abb-d4b4-4916-94a3-2fc688e2cfda'::uuid,'a1b2c3d4-5678-90ab-cdef-123456789011'::uuid,1,12900.00,'ORDE710588250409','2025-03-23 00:00:00','2025-04-09 10:10:43.775242',false,false),
	 ('5cb6956f-5c66-45f2-aaa7-4f93eb8ebb70'::uuid,'450e1abb-d4b4-4916-94a3-2fc688e2cfda'::uuid,'a1b2c3d4-5678-90ab-cdef-123456789002'::uuid,1,20900.00,'ORDE225600250409','2025-03-23 00:00:00','2025-04-09 10:10:43.77537',false,false),
	 ('d1d2c0be-0f4a-495f-a40e-582c31e56922'::uuid,'2d5a3ccb-168c-428c-a42a-1538db744ca0'::uuid,'a1b2c3d4-5678-90ab-cdef-123456789006'::uuid,1,19900.00,'ORDE497239250409','2025-04-07 00:00:00','2025-04-09 10:10:56.060286',false,false),
	 ('dc2c747e-dcfe-4251-b2c6-3b77ec6f3512'::uuid,'f90a7e14-22a6-48ae-852b-324cd11b448a'::uuid,'a1b2c3d4-5678-90ab-cdef-123456789008'::uuid,1,11900.00,'ORDE552483250409','2025-04-08 00:00:00','2025-04-09 10:12:02.205548',false,false),
	 ('3960aeaf-c068-461a-9cd3-1444cbef62ea'::uuid,'26d79d9c-8a22-4315-ace8-56780cf17110'::uuid,'a1b2c3d4-5678-90ab-cdef-123456789020'::uuid,1,19900.00,'ORDE737107250409','2025-03-23 00:00:00','2025-04-09 10:12:06.01449',false,false),
	 ('6e8db141-2f16-4feb-886c-b4d726d3a0ff'::uuid,'26d79d9c-8a22-4315-ace8-56780cf17110'::uuid,'a1b2c3d4-5678-90ab-cdef-123456789008'::uuid,2,11900.00,'ORDE128123250409','2025-03-23 00:00:00','2025-04-09 10:12:06.014577',false,false),
	 ('9844a29b-0a5f-45de-a286-ed4dcb3831ec'::uuid,'26d79d9c-8a22-4315-ace8-56780cf17110'::uuid,'a1b2c3d4-5678-90ab-cdef-123456789003'::uuid,1,18900.00,'ORDE563952250409','2025-03-23 00:00:00','2025-04-09 10:12:06.0146',false,false),
	 ('a44dcd41-81d0-4e6c-aa98-c2e23fc051e2'::uuid,'11711d74-1de5-4ba3-9dae-b5ce81384213'::uuid,'a1b2c3d4-5678-90ab-cdef-123456789003'::uuid,1,18900.00,'ORDE653300250409','2025-03-14 00:00:00','2025-04-09 10:13:22.618646',false,false);
INSERT INTO order_item (order_item_id,order_id,product_id,count,unit_price,code,created_at,updated_at,is_deleted,is_suspended) VALUES
	 ('d4f54bcf-77ed-48e1-b239-9cad83aaf2ea'::uuid,'021145a7-918f-4278-b675-796760b1177d'::uuid,'a1b2c3d4-5678-90ab-cdef-123456789001'::uuid,1,19900.00,'ORDE152870250409','2025-04-03 00:00:00','2025-04-09 10:13:48.308413',false,false),
	 ('e31aed38-dae5-450e-9e53-65d3c9446b7a'::uuid,'021145a7-918f-4278-b675-796760b1177d'::uuid,'a1b2c3d4-5678-90ab-cdef-123456789009'::uuid,1,17900.00,'ORDE439592250409','2025-04-03 00:00:00','2025-04-09 10:13:48.308451',false,false),
	 ('52b24104-18e4-449d-bf6f-27108b72e8e9'::uuid,'e87fe469-da67-4b66-b1b5-f79f737a78e9'::uuid,'a1b2c3d4-5678-90ab-cdef-123456789009'::uuid,1,17900.00,'ORDE424402250409','2025-03-31 00:00:00','2025-04-09 10:13:58.676879',false,false),
	 ('be014357-a9dc-45de-b951-f1810d7bd4d9'::uuid,'e87fe469-da67-4b66-b1b5-f79f737a78e9'::uuid,'a1b2c3d4-5678-90ab-cdef-123456789003'::uuid,1,18900.00,'ORDE502903250409','2025-03-31 00:00:00','2025-04-09 10:13:58.676929',false,false),
	 ('a200cd11-2654-44c9-aff2-d5561d9ba77f'::uuid,'5751a689-d04b-4063-b103-d0789f7e226a'::uuid,'a1b2c3d4-5678-90ab-cdef-123456789007'::uuid,1,12900.00,'ORDE785255250409','2025-03-17 00:00:00','2025-04-09 10:14:40.16116',false,false),
	 ('63a2e637-dd10-4e02-98b8-7eda4b8f67a8'::uuid,'b489d2db-c5fc-466b-888d-c38d7303d4de'::uuid,'a1b2c3d4-5678-90ab-cdef-123456789006'::uuid,1,19900.00,'ORDE192149250409','2025-04-02 00:00:00','2025-04-09 10:14:48.911137',false,false),
	 ('ceac2ef5-74ce-4cdc-8603-3b3d9f1b867f'::uuid,'8b17d112-fbc0-4918-88c3-6c006e9c85d9'::uuid,'a1b2c3d4-5678-90ab-cdef-123456789009'::uuid,1,17900.00,'ORDE031326250409','2025-03-20 00:00:00','2025-04-09 22:13:20.324788',false,false),
	 ('38e454f9-d942-4604-a35e-74cb53251413'::uuid,'809f9633-0e81-4dc4-a388-8c8c847d800a'::uuid,'a1b2c3d4-5678-90ab-cdef-123456789010'::uuid,1,15900.00,'ORDE186726250409','2025-04-07 00:00:00','2025-04-10 06:23:05.913954',false,false),
	 ('92e772de-4ac7-4cc5-94a4-ad01c86650fb'::uuid,'809f9633-0e81-4dc4-a388-8c8c847d800a'::uuid,'a1b2c3d4-5678-90ab-cdef-123456789010'::uuid,2,15900.00,'ORDE678041250409','2025-04-07 00:00:00','2025-04-10 06:23:05.91374',false,false),
	 ('3d68d2b9-ffd0-461f-ba45-2472e56aaf36'::uuid,'653432c6-2de3-40c7-a626-af2297dd52a2'::uuid,'a1b2c3d4-5678-90ab-cdef-123456789001'::uuid,1,19900.00,'ORDE587694250409','2025-03-23 00:00:00','2025-04-10 06:28:48.100554',false,false);
INSERT INTO order_item (order_item_id,order_id,product_id,count,unit_price,code,created_at,updated_at,is_deleted,is_suspended) VALUES
	 ('6d213866-edcb-47da-9468-d0e17fea2f63'::uuid,'653432c6-2de3-40c7-a626-af2297dd52a2'::uuid,'a1b2c3d4-5678-90ab-cdef-123456789003'::uuid,2,18900.00,'ORDE928524250409','2025-03-23 00:00:00','2025-04-10 06:28:48.100491',false,false),
	 ('04b638c1-7dd3-4f63-a430-1f33ba2b0fc5'::uuid,'c25b85c7-8661-44b2-9100-2396e6c32c08'::uuid,'a1b2c3d4-5678-90ab-cdef-123456789008'::uuid,1,11900.00,'ORDE375767250409','2025-03-19 00:00:00','2025-04-10 06:34:04.565029',false,false),
	 ('e5af0be9-8a06-4b0d-836a-96d472f9e3d9'::uuid,'64f976b5-ff56-42d3-aa11-cbbe09de7ab8'::uuid,'a1b2c3d4-5678-90ab-cdef-123456789005'::uuid,1,19900.00,'ORDE446183250409','2025-04-09 00:00:00','2025-04-10 06:44:57.829657',false,false),
	 ('2e007658-5a64-4be2-9db3-269498fb47ab'::uuid,'0d685614-f4b8-4021-b09a-fe80097ae7d1'::uuid,'a1b2c3d4-5678-90ab-cdef-123456789001'::uuid,1,19900.00,'ORDE727235250409','2025-03-26 00:00:00','2025-04-10 06:52:33.806248',false,false),
	 ('58c8d599-d0ef-438e-b616-e275f706e086'::uuid,'0d685614-f4b8-4021-b09a-fe80097ae7d1'::uuid,'a1b2c3d4-5678-90ab-cdef-123456789003'::uuid,1,18900.00,'ORDE097250250409','2025-03-26 00:00:00','2025-04-10 06:52:33.80635',false,false),
	 ('72e8ef1d-a15a-4f07-9dbc-488fd59363b4'::uuid,'0d685614-f4b8-4021-b09a-fe80097ae7d1'::uuid,'a1b2c3d4-5678-90ab-cdef-123456789002'::uuid,1,20900.00,'ORDE924478250409','2025-03-26 00:00:00','2025-04-10 06:52:33.806297',false,false),
	 ('8d82ca17-0963-41d1-a4aa-f2a85a210c68'::uuid,'0d685614-f4b8-4021-b09a-fe80097ae7d1'::uuid,'a1b2c3d4-5678-90ab-cdef-123456789005'::uuid,1,19900.00,'ORDE989889250409','2025-03-26 00:00:00','2025-04-10 06:52:33.806961',false,false),
	 ('bae426ca-35c4-4424-aaf8-fb0a2d0ac418'::uuid,'0d685614-f4b8-4021-b09a-fe80097ae7d1'::uuid,'a1b2c3d4-5678-90ab-cdef-123456789007'::uuid,1,12900.00,'ORDE067346250409','2025-03-26 00:00:00','2025-04-10 06:52:33.806168',false,false),
	 ('1e46ee74-4014-40c7-b6ca-d5cdf2238aa3'::uuid,'e298b35f-424e-4132-96d4-7cfbef0c999d'::uuid,'a1b2c3d4-5678-90ab-cdef-123456789003'::uuid,1,18900.00,'ORDE501878250409','2025-03-29 00:00:00','2025-04-10 06:59:31.483666',false,false),
	 ('51616c0c-6bbc-42ed-b7ac-8b0063a1dfb6'::uuid,'e298b35f-424e-4132-96d4-7cfbef0c999d'::uuid,'a1b2c3d4-5678-90ab-cdef-123456789001'::uuid,1,19900.00,'ORDE060758250409','2025-03-29 00:00:00','2025-04-10 06:59:31.483582',false,false);
INSERT INTO order_item (order_item_id,order_id,product_id,count,unit_price,code,created_at,updated_at,is_deleted,is_suspended) VALUES
	 ('6ae9e42c-a2fc-4fda-a691-35ea09ad09b8'::uuid,'e298b35f-424e-4132-96d4-7cfbef0c999d'::uuid,'a1b2c3d4-5678-90ab-cdef-123456789007'::uuid,1,12900.00,'ORDE371766250409','2025-03-29 00:00:00','2025-04-10 06:59:31.483501',false,false),
	 ('71d4cb56-19ef-4789-9470-9c28e544b27d'::uuid,'e298b35f-424e-4132-96d4-7cfbef0c999d'::uuid,'a1b2c3d4-5678-90ab-cdef-123456789002'::uuid,1,20900.00,'ORDE569236250409','2025-03-29 00:00:00','2025-04-10 06:59:31.483628',false,false),
	 ('88463022-55bc-4e1c-8a55-19a329f731aa'::uuid,'e298b35f-424e-4132-96d4-7cfbef0c999d'::uuid,'a1b2c3d4-5678-90ab-cdef-123456789005'::uuid,1,19900.00,'ORDE672891250409','2025-03-29 00:00:00','2025-04-10 06:59:31.483698',false,false),
	 ('c67ea29f-b0b9-4371-b994-d264ef083ef6'::uuid,'5e58eb40-1d3c-4348-bb8b-6c8e4c12bf67'::uuid,'a1b2c3d4-5678-90ab-cdef-123456789002'::uuid,1,20900.00,'ORDE930498250410','2025-03-22 00:00:00','2025-04-10 07:05:10.076113',false,false),
	 ('cb9952cb-883c-4164-832d-bece139a7aca'::uuid,'5e58eb40-1d3c-4348-bb8b-6c8e4c12bf67'::uuid,'a1b2c3d4-5678-90ab-cdef-123456789005'::uuid,1,19900.00,'ORDE922237250410','2025-03-22 00:00:00','2025-04-10 07:05:10.076177',false,false),
	 ('e07fcccd-cc64-43b2-98bc-f562254ebce9'::uuid,'5e58eb40-1d3c-4348-bb8b-6c8e4c12bf67'::uuid,'a1b2c3d4-5678-90ab-cdef-123456789007'::uuid,1,12900.00,'ORDE166781250410','2025-03-22 00:00:00','2025-04-10 07:05:10.076037',false,false),
	 ('f002c5ec-5cbd-4b3f-925c-3e24f7416683'::uuid,'5e58eb40-1d3c-4348-bb8b-6c8e4c12bf67'::uuid,'a1b2c3d4-5678-90ab-cdef-123456789001'::uuid,1,19900.00,'ORDE758783250410','2025-03-22 00:00:00','2025-04-10 07:05:10.076088',false,false),
	 ('fce2a395-452e-482d-a222-8cd40155d571'::uuid,'5e58eb40-1d3c-4348-bb8b-6c8e4c12bf67'::uuid,'a1b2c3d4-5678-90ab-cdef-123456789003'::uuid,1,18900.00,'ORDE634280250410','2025-03-22 00:00:00','2025-04-10 07:05:10.076151',false,false),
	 ('789239c9-dc2c-4765-91f5-01b5e10a156e'::uuid,'6a01b642-c668-4a0c-a1d3-9d9c96fb280a'::uuid,'a1b2c3d4-5678-90ab-cdef-123456789017'::uuid,1,12900.00,'ORDE251614250410','2025-03-26 00:00:00','2025-04-10 07:11:59.258637',false,false),
	 ('acdcf10b-e13b-4bd2-80a9-ed863c99be15'::uuid,'6a01b642-c668-4a0c-a1d3-9d9c96fb280a'::uuid,'a1b2c3d4-5678-90ab-cdef-123456789021'::uuid,1,18900.00,'ORDE102514250410','2025-03-26 00:00:00','2025-04-10 07:11:59.258551',false,false);
INSERT INTO order_item (order_item_id,order_id,product_id,count,unit_price,code,created_at,updated_at,is_deleted,is_suspended) VALUES
	 ('fc06567f-4c9f-4d2f-ba2c-8f01af4d4348'::uuid,'6a01b642-c668-4a0c-a1d3-9d9c96fb280a'::uuid,'a1b2c3d4-5678-90ab-cdef-123456789022'::uuid,1,15900.00,'ORDE553314250410','2025-03-26 00:00:00','2025-04-10 07:11:59.258607',false,false);
	 

INSERT INTO "order" (order_id,card_id,device_id,staff_id,old_order_id,total,status,image1,image2,image3,is_flagged,is_correction,code,created_at,updated_at,is_deleted,is_suspended) VALUES
	 ('d1b0c705-05bf-4c83-a393-1adb3b92a988'::uuid,NULL,'b91c0b17-5b2c-4cc1-89bd-43eb0d7eedd0'::uuid,NULL,NULL,0.00,'CANCELLED','https://reinir.mooo.com/files/d9e025cd1b92a8ccf183.jpg','https://reinir.mooo.com/files/12388714b94b0a15535a.jpg','https://reinir.mooo.com/files/aa06332b0d74be2ae765.jpg',false,false,'ORDE655089250411','2025-04-11 01:31:48.406863','2025-04-11 14:46:12.999744',false,false),
	 ('c4401406-bbdd-4d5f-b514-1e84c59f777f'::uuid,NULL,'b91c0b17-5b2c-4cc1-89bd-43eb0d7eedd0'::uuid,NULL,NULL,0.00,'CANCELLED','https://reinir.mooo.com/files/d9e025cd1b92a8ccf183.jpg','https://reinir.mooo.com/files/12388714b94b0a15535a.jpg','https://reinir.mooo.com/files/aa06332b0d74be2ae765.jpg',false,false,'ORDE408535250411','2025-04-03 00:44:23.20357','2025-04-11 14:46:34.734052',false,false),
	 ('0af071ed-47b5-4de6-973c-883ba149f7ba'::uuid,NULL,'b91c0b17-5b2c-4cc1-89bd-43eb0d7eedd0'::uuid,NULL,NULL,0.00,'CANCELLED','https://reinir.mooo.com/files/d9e025cd1b92a8ccf183.jpg','https://reinir.mooo.com/files/12388714b94b0a15535a.jpg','https://reinir.mooo.com/files/aa06332b0d74be2ae765.jpg',false,false,'ORDE891507250411','2025-04-11 05:56:04.218602','2025-04-11 14:46:48.356447',false,false),
	 ('624818b3-333a-4772-af3a-81af05399f4b'::uuid,NULL,'b91c0b17-5b2c-4cc1-89bd-43eb0d7eedd0'::uuid,NULL,NULL,0.00,'CANCELLED','https://reinir.mooo.com/files/d9e025cd1b92a8ccf183.jpg','https://reinir.mooo.com/files/12388714b94b0a15535a.jpg','https://reinir.mooo.com/files/aa06332b0d74be2ae765.jpg',false,false,'ORDE184750250411','2025-04-08 01:53:30.341643','2025-04-11 14:47:14.122404',false,false),
	 ('e9d065e8-5138-4180-98cd-d872dea4cc8a'::uuid,NULL,'b91c0b17-5b2c-4cc1-89bd-43eb0d7eedd0'::uuid,NULL,NULL,0.00,'CANCELLED','https://reinir.mooo.com/files/d9e025cd1b92a8ccf183.jpg','https://reinir.mooo.com/files/12388714b94b0a15535a.jpg','https://reinir.mooo.com/files/aa06332b0d74be2ae765.jpg',false,false,'ORDE989988250411','2025-04-01 21:35:06.976689','2025-04-11 14:51:49.152218',false,false),
	 ('d6bd9df9-1d0d-4697-8ae6-06be6458ab9b'::uuid,NULL,'b91c0b17-5b2c-4cc1-89bd-43eb0d7eedd0'::uuid,NULL,NULL,0.00,'CANCELLED','https://reinir.mooo.com/files/d9e025cd1b92a8ccf183.jpg','https://reinir.mooo.com/files/12388714b94b0a15535a.jpg','https://reinir.mooo.com/files/aa06332b0d74be2ae765.jpg',false,false,'ORDE671537250411','2025-04-04 23:25:19.989096','2025-04-11 14:59:32.858794',false,false),
	 ('b5e48bac-00a5-4da1-974b-d652a5d75ce1'::uuid,NULL,'b91c0b17-5b2c-4cc1-89bd-43eb0d7eedd0'::uuid,NULL,NULL,0.00,'CANCELLED','https://reinir.mooo.com/files/d9e025cd1b92a8ccf183.jpg','https://reinir.mooo.com/files/12388714b94b0a15535a.jpg','https://reinir.mooo.com/files/aa06332b0d74be2ae765.jpg',false,false,'ORDE569702250411','2025-04-02 00:42:51.335254','2025-04-11 15:02:14.678575',false,false),
	 ('3ec45e22-7f8a-4786-b81f-e9ecad66ce89'::uuid,'d4e5f6a7-b8c9-4012-def0-4567890123de'::uuid,'b91c0b17-5b2c-4cc1-89bd-43eb0d7eedd0'::uuid,NULL,NULL,37600.00,'FINISHED','https://reinir.mooo.com/files/d9e025cd1b92a8ccf183.jpg','https://reinir.mooo.com/files/12388714b94b0a15535a.jpg','https://reinir.mooo.com/files/aa06332b0d74be2ae765.jpg',false,false,'ORDE498874250411','2025-04-11 05:56:37.431784','2025-04-11 14:49:55.421233',false,false),
	 ('6e78b3f4-c3fc-43b6-80bf-1b4a326892a2'::uuid,'d4e5f6a7-b8c9-4012-def0-4567890123de'::uuid,'b91c0b17-5b2c-4cc1-89bd-43eb0d7eedd0'::uuid,NULL,NULL,37600.00,'FINISHED','https://reinir.mooo.com/files/d9e025cd1b92a8ccf183.jpg','https://reinir.mooo.com/files/12388714b94b0a15535a.jpg','https://reinir.mooo.com/files/aa06332b0d74be2ae765.jpg',false,false,'ORDE793261250411','2025-04-09 13:59:38.62841','2025-04-11 14:50:10.138672',false,false),
	 ('6dfdda94-6d67-413a-9984-bf390008257d'::uuid,'d4e5f6a7-b8c9-4012-def0-4567890123de'::uuid,'b91c0b17-5b2c-4cc1-89bd-43eb0d7eedd0'::uuid,NULL,NULL,12000.00,'FINISHED','https://reinir.mooo.com/files/d9e025cd1b92a8ccf183.jpg','https://reinir.mooo.com/files/12388714b94b0a15535a.jpg','https://reinir.mooo.com/files/aa06332b0d74be2ae765.jpg',false,false,'ORDE447480250411','2025-04-04 23:58:12.380259','2025-04-11 15:02:10.172968',false,false);
INSERT INTO "order" (order_id,card_id,device_id,staff_id,old_order_id,total,status,image1,image2,image3,is_flagged,is_correction,code,created_at,updated_at,is_deleted,is_suspended) VALUES
	 ('9d3156aa-95ea-48f7-8848-8dd6c59a381f'::uuid,'d4e5f6a7-b8c9-4012-def0-4567890123de'::uuid,'b91c0b17-5b2c-4cc1-89bd-43eb0d7eedd0'::uuid,NULL,NULL,13000.00,'FINISHED','https://reinir.mooo.com/files/d9e025cd1b92a8ccf183.jpg','https://reinir.mooo.com/files/12388714b94b0a15535a.jpg','https://reinir.mooo.com/files/aa06332b0d74be2ae765.jpg',false,false,'ORDE428859250411','2025-04-03 15:20:41.329491','2025-04-11 15:02:24.170396',false,false),
	 ('86d4e542-61b6-48c3-82ae-6b28dc46876e'::uuid,'d4e5f6a7-b8c9-4012-def0-4567890123de'::uuid,'b91c0b17-5b2c-4cc1-89bd-43eb0d7eedd0'::uuid,NULL,NULL,11400.00,'FINISHED','https://reinir.mooo.com/files/d9e025cd1b92a8ccf183.jpg','https://reinir.mooo.com/files/12388714b94b0a15535a.jpg','https://reinir.mooo.com/files/aa06332b0d74be2ae765.jpg',false,false,'ORDE424145250411','2025-04-02 13:41:04.24858','2025-04-11 15:02:31.29671',false,false),
	 ('20fe8fff-27be-43ef-a666-6988a2e18be1'::uuid,'d4e5f6a7-b8c9-4012-def0-4567890123de'::uuid,'b91c0b17-5b2c-4cc1-89bd-43eb0d7eedd0'::uuid,NULL,NULL,38800.00,'FINISHED','https://reinir.mooo.com/files/d9e025cd1b92a8ccf183.jpg','https://reinir.mooo.com/files/12388714b94b0a15535a.jpg','https://reinir.mooo.com/files/aa06332b0d74be2ae765.jpg',false,false,'ORDE333150250411','2025-04-05 14:54:00.104725','2025-04-11 15:02:37.476625',false,false),
	 ('ca6933ad-2578-4962-96e9-5621d5b68a1a'::uuid,'d4e5f6a7-b8c9-4012-def0-4567890123de'::uuid,'b91c0b17-5b2c-4cc1-89bd-43eb0d7eedd0'::uuid,NULL,NULL,8000.00,'FINISHED','https://reinir.mooo.com/files/d9e025cd1b92a8ccf183.jpg','https://reinir.mooo.com/files/12388714b94b0a15535a.jpg','https://reinir.mooo.com/files/aa06332b0d74be2ae765.jpg',false,false,'ORDE253233250411','2025-04-04 15:19:37.784345','2025-04-11 15:02:43.46938',false,false),
	 ('d0c8deaa-ade6-4f90-8505-4cb5024770c0'::uuid,'d4e5f6a7-b8c9-4012-def0-4567890123de'::uuid,'b91c0b17-5b2c-4cc1-89bd-43eb0d7eedd0'::uuid,NULL,NULL,8700.00,'FINISHED','https://reinir.mooo.com/files/d9e025cd1b92a8ccf183.jpg','https://reinir.mooo.com/files/12388714b94b0a15535a.jpg','https://reinir.mooo.com/files/aa06332b0d74be2ae765.jpg',false,false,'ORDE953626250411','2025-04-02 06:31:25.195396','2025-04-11 15:02:53.102934',false,false),
	 ('6dbef0e1-0105-4184-9ea0-d8ac03ee5a59'::uuid,'d4e5f6a7-b8c9-4012-def0-4567890123de'::uuid,'b91c0b17-5b2c-4cc1-89bd-43eb0d7eedd0'::uuid,NULL,NULL,10000.00,'FINISHED','https://reinir.mooo.com/files/d9e025cd1b92a8ccf183.jpg','https://reinir.mooo.com/files/12388714b94b0a15535a.jpg','https://reinir.mooo.com/files/aa06332b0d74be2ae765.jpg',false,false,'ORDE879994250411','2025-04-06 15:16:59.612259','2025-04-11 15:02:59.590588',false,false),
	 ('61a64bb2-c7ed-43fd-8cd7-130d15915b10'::uuid,'d4e5f6a7-b8c9-4012-def0-4567890123de'::uuid,'b91c0b17-5b2c-4cc1-89bd-43eb0d7eedd0'::uuid,NULL,NULL,20000.00,'FINISHED','https://reinir.mooo.com/files/d9e025cd1b92a8ccf183.jpg','https://reinir.mooo.com/files/12388714b94b0a15535a.jpg','https://reinir.mooo.com/files/aa06332b0d74be2ae765.jpg',false,false,'ORDE605825250411','2025-04-04 11:16:30.315592','2025-04-11 15:03:06.783959',false,false),
	 ('cbd56508-5d09-4d80-939e-973f4a258252'::uuid,'d4e5f6a7-b8c9-4012-def0-4567890123de'::uuid,'b91c0b17-5b2c-4cc1-89bd-43eb0d7eedd0'::uuid,NULL,NULL,32700.00,'FINISHED','https://reinir.mooo.com/files/d9e025cd1b92a8ccf183.jpg','https://reinir.mooo.com/files/12388714b94b0a15535a.jpg','https://reinir.mooo.com/files/aa06332b0d74be2ae765.jpg',false,false,'ORDE296618250411','2025-04-04 18:59:42.040826','2025-04-11 15:03:12.104851',false,false);

INSERT INTO order_item (order_item_id,order_id,product_id,count,unit_price,code,created_at,updated_at,is_deleted,is_suspended) VALUES
	 ('1d86aa71-65b4-4d79-89d9-ec38f8a63504'::uuid,'3ec45e22-7f8a-4786-b81f-e9ecad66ce89'::uuid,'a1b2c3d4-5678-90ab-cdef-123456789021'::uuid,1,12100.00,'ORDE668551250411','2025-04-11 05:56:37.431784','2025-04-11 14:48:08.207268',false,false),
	 ('8643437b-3cbd-4380-b6ae-161f9bee94db'::uuid,'3ec45e22-7f8a-4786-b81f-e9ecad66ce89'::uuid,'a1b2c3d4-5678-90ab-cdef-123456789022'::uuid,1,12000.00,'ORDE015415250411','2025-04-11 05:56:37.431784','2025-04-11 14:48:08.244561',false,false),
	 ('abf843a4-6e29-474e-92c1-dd740bbd9493'::uuid,'3ec45e22-7f8a-4786-b81f-e9ecad66ce89'::uuid,'a1b2c3d4-5678-90ab-cdef-123456789017'::uuid,1,13500.00,'ORDE523488250411','2025-04-11 05:56:37.431784','2025-04-11 14:48:08.24476',false,false),
	 ('9e2bbf2a-1a8a-417a-93ad-6cce9d394659'::uuid,'6e78b3f4-c3fc-43b6-80bf-1b4a326892a2'::uuid,'a1b2c3d4-5678-90ab-cdef-123456789017'::uuid,1,13500.00,'ORDE365989250411','2025-04-09 13:59:38.62841','2025-04-11 14:50:06.914637',false,false),
	 ('c1b0e8a7-f45b-427b-a5b3-595f847c5fe8'::uuid,'6e78b3f4-c3fc-43b6-80bf-1b4a326892a2'::uuid,'a1b2c3d4-5678-90ab-cdef-123456789021'::uuid,1,12100.00,'ORDE399549250411','2025-04-09 13:59:38.62841','2025-04-11 14:50:06.914457',false,false),
	 ('f01f96eb-c9f8-426b-8da9-ccf207a01f70'::uuid,'6e78b3f4-c3fc-43b6-80bf-1b4a326892a2'::uuid,'a1b2c3d4-5678-90ab-cdef-123456789022'::uuid,1,12000.00,'ORDE188971250411','2025-04-09 13:59:38.62841','2025-04-11 14:50:06.914584',false,false),
	 ('15083f4d-3779-49e8-a16c-ba48a303de9d'::uuid,'6dfdda94-6d67-413a-9984-bf390008257d'::uuid,'a1b2c3d4-5678-90ab-cdef-123456789022'::uuid,1,12000.00,'ORDE470664250411','2025-04-04 23:58:12.380259','2025-04-11 15:02:03.893513',false,false),
	 ('5900a5dc-9cab-42f9-bc69-a333e7620590'::uuid,'9d3156aa-95ea-48f7-8848-8dd6c59a381f'::uuid,'a1b2c3d4-5678-90ab-cdef-123456789005'::uuid,1,8000.00,'ORDE135178250411','2025-04-03 15:20:41.329491','2025-04-11 15:02:20.6406',false,false),
	 ('7f832c6f-3394-48f7-87ff-b3daf1cd1d6a'::uuid,'9d3156aa-95ea-48f7-8848-8dd6c59a381f'::uuid,'a1b2c3d4-5678-90ab-cdef-123456789002'::uuid,1,5000.00,'ORDE902465250411','2025-04-03 15:20:41.329491','2025-04-11 15:02:20.640349',false,false),
	 ('ba2abdac-c13c-4cba-b97c-64cab048f9bf'::uuid,'86d4e542-61b6-48c3-82ae-6b28dc46876e'::uuid,'a1b2c3d4-5678-90ab-cdef-123456789007'::uuid,1,11400.00,'ORDE912825250411','2025-04-02 13:41:04.24858','2025-04-11 15:02:27.351908',false,false);
INSERT INTO order_item (order_item_id,order_id,product_id,count,unit_price,code,created_at,updated_at,is_deleted,is_suspended) VALUES
	 ('084428f6-ba62-48cc-a2d5-40d2ed534862'::uuid,'20fe8fff-27be-43ef-a666-6988a2e18be1'::uuid,'a1b2c3d4-5678-90ab-cdef-123456789007'::uuid,1,11400.00,'ORDE018793250411','2025-04-05 14:54:00.104725','2025-04-11 15:02:34.211587',false,false),
	 ('12639d51-299a-45a3-8286-207c216e6c7c'::uuid,'20fe8fff-27be-43ef-a666-6988a2e18be1'::uuid,'a1b2c3d4-5678-90ab-cdef-123456789001'::uuid,2,13700.00,'ORDE004762250411','2025-04-05 14:54:00.104725','2025-04-11 15:02:34.211531',false,false),
	 ('5776330a-3156-4629-8913-7e4940827bec'::uuid,'ca6933ad-2578-4962-96e9-5621d5b68a1a'::uuid,'a1b2c3d4-5678-90ab-cdef-123456789005'::uuid,1,8000.00,'ORDE945762250411','2025-04-04 15:19:37.784345','2025-04-11 15:02:39.834467',false,false),
	 ('16145eac-647d-48f5-8246-29c81c05dd37'::uuid,'d0c8deaa-ade6-4f90-8505-4cb5024770c0'::uuid,'a1b2c3d4-5678-90ab-cdef-123456789008'::uuid,1,8700.00,'ORDE907362250411','2025-04-02 06:31:25.195396','2025-04-11 15:02:46.570934',false,false),
	 ('6e8ce180-7153-4439-9d10-093855104e21'::uuid,'6dbef0e1-0105-4184-9ea0-d8ac03ee5a59'::uuid,'a1b2c3d4-5678-90ab-cdef-123456789010'::uuid,1,10000.00,'ORDE701672250411','2025-04-06 15:16:59.612259','2025-04-11 15:02:57.121473',false,false),
	 ('da2bc5f5-e460-42d3-b63d-41f9b3c41518'::uuid,'61a64bb2-c7ed-43fd-8cd7-130d15915b10'::uuid,'a1b2c3d4-5678-90ab-cdef-123456789005'::uuid,1,8000.00,'ORDE255567250411','2025-04-04 11:16:30.315592','2025-04-11 15:03:02.989159',false,false),
	 ('ebf821b2-67c0-4d7e-b4ae-a4dba9c078c9'::uuid,'61a64bb2-c7ed-43fd-8cd7-130d15915b10'::uuid,'a1b2c3d4-5678-90ab-cdef-123456789022'::uuid,1,12000.00,'ORDE205157250411','2025-04-04 11:16:30.315592','2025-04-11 15:03:02.989',false,false),
	 ('4010f7ac-2be0-4132-baa0-38c5f16d8993'::uuid,'cbd56508-5d09-4d80-939e-973f4a258252'::uuid,'a1b2c3d4-5678-90ab-cdef-123456789009'::uuid,1,10000.00,'ORDE742039250411','2025-04-04 18:59:42.040826','2025-04-11 15:03:09.16041',false,false),
	 ('418b2a1f-3959-458c-b8db-d2c2ca9f121f'::uuid,'cbd56508-5d09-4d80-939e-973f4a258252'::uuid,'a1b2c3d4-5678-90ab-cdef-123456789008'::uuid,1,8700.00,'ORDE686143250411','2025-04-04 18:59:42.040826','2025-04-11 15:03:09.160433',false,false),
	 ('a50b3202-8990-4573-b3e2-211150eed81b'::uuid,'cbd56508-5d09-4d80-939e-973f4a258252'::uuid,'a1b2c3d4-5678-90ab-cdef-123456789016'::uuid,1,14000.00,'ORDE471218250411','2025-04-04 18:59:42.040826','2025-04-11 15:03:09.160341',false,false);


INSERT INTO inventory_note (inventory_note_id,store_id,staff_id,"type",image_url,description,code,created_at,updated_at,is_deleted,is_suspended) VALUES
	 ('e4f539f0-d2ba-432a-bcc2-db02961971b9'::uuid,'7c9e6679-7425-40de-944b-e07fc1f90ae7'::uuid,'6e9bac05-802d-46c3-9f58-5ce37cfc038e'::uuid,'ORDER','https://reinir.mooo.com/files/12388714b94b0a15535a.jpg','Deduction for order 3ec45e22-7f8a-4786-b81f-e9ecad66ce89','INVE938739250411','2025-04-01 15:22:07.441464','2025-04-11 14:49:55.733002',false,false),
	 ('78274a92-820e-45c8-8be7-b128d09eedb7'::uuid,'7c9e6679-7425-40de-944b-e07fc1f90ae7'::uuid,'6e9bac05-802d-46c3-9f58-5ce37cfc038e'::uuid,'ORDER','https://reinir.mooo.com/files/12388714b94b0a15535a.jpg','Deduction for order 6e78b3f4-c3fc-43b6-80bf-1b4a326892a2','INVE383205250411','2025-04-06 20:13:54.179032','2025-04-11 14:50:10.192031',false,false),
	 ('246c94dd-31a4-4948-973b-72e5978af0d5'::uuid,'7c9e6679-7425-40de-944b-e07fc1f90ae7'::uuid,'6e9bac05-802d-46c3-9f58-5ce37cfc038e'::uuid,'ORDER','https://reinir.mooo.com/files/12388714b94b0a15535a.jpg','Deduction for order 6dfdda94-6d67-413a-9984-bf390008257d','INVE552521250411','2025-04-07 07:10:52.813136','2025-04-11 15:02:10.222117',false,false),
	 ('9923f581-32cb-48bc-af30-c17e04a61ba0'::uuid,'7c9e6679-7425-40de-944b-e07fc1f90ae7'::uuid,'6e9bac05-802d-46c3-9f58-5ce37cfc038e'::uuid,'ORDER','https://reinir.mooo.com/files/12388714b94b0a15535a.jpg','Deduction for order 9d3156aa-95ea-48f7-8848-8dd6c59a381f','INVE507865250411','2025-04-09 19:00:53.367644','2025-04-11 15:02:24.225531',false,false),
	 ('cbc1d5d9-ea79-4418-b9dd-beb695feefbc'::uuid,'7c9e6679-7425-40de-944b-e07fc1f90ae7'::uuid,'6e9bac05-802d-46c3-9f58-5ce37cfc038e'::uuid,'ORDER','https://reinir.mooo.com/files/12388714b94b0a15535a.jpg','Deduction for order 86d4e542-61b6-48c3-82ae-6b28dc46876e','INVE833179250411','2025-04-09 03:05:37.35483','2025-04-11 15:02:31.340293',false,false),
	 ('b7fe0188-fc1a-4bc3-a2a8-e10f63a0f504'::uuid,'7c9e6679-7425-40de-944b-e07fc1f90ae7'::uuid,'6e9bac05-802d-46c3-9f58-5ce37cfc038e'::uuid,'ORDER','https://reinir.mooo.com/files/12388714b94b0a15535a.jpg','Deduction for order 20fe8fff-27be-43ef-a666-6988a2e18be1','INVE252015250411','2025-04-02 00:49:39.889745','2025-04-11 15:02:37.533866',false,false),
	 ('da2784f3-47cf-4b97-a973-aa3148890e9e'::uuid,'7c9e6679-7425-40de-944b-e07fc1f90ae7'::uuid,'6e9bac05-802d-46c3-9f58-5ce37cfc038e'::uuid,'ORDER','https://reinir.mooo.com/files/12388714b94b0a15535a.jpg','Deduction for order ca6933ad-2578-4962-96e9-5621d5b68a1a','INVE285313250411','2025-04-04 09:48:10.263347','2025-04-11 15:02:43.51636',false,false),
	 ('58d1b2d5-7522-4971-a16e-c060f8d77a27'::uuid,'7c9e6679-7425-40de-944b-e07fc1f90ae7'::uuid,'6e9bac05-802d-46c3-9f58-5ce37cfc038e'::uuid,'ORDER','https://reinir.mooo.com/files/12388714b94b0a15535a.jpg','Deduction for order d0c8deaa-ade6-4f90-8505-4cb5024770c0','INVE027700250411','2025-04-03 12:29:23.60419','2025-04-11 15:02:53.139258',false,false),
	 ('ae442c64-9889-4b8f-be82-f670a4a83f55'::uuid,'7c9e6679-7425-40de-944b-e07fc1f90ae7'::uuid,'6e9bac05-802d-46c3-9f58-5ce37cfc038e'::uuid,'ORDER','https://reinir.mooo.com/files/12388714b94b0a15535a.jpg','Deduction for order 6dbef0e1-0105-4184-9ea0-d8ac03ee5a59','INVE724741250411','2025-04-02 07:50:59.314026','2025-04-11 15:02:59.641771',false,false),
	 ('985ac588-5ae6-48f9-be20-756c3cc93919'::uuid,'7c9e6679-7425-40de-944b-e07fc1f90ae7'::uuid,'6e9bac05-802d-46c3-9f58-5ce37cfc038e'::uuid,'ORDER','https://reinir.mooo.com/files/12388714b94b0a15535a.jpg','Deduction for order 61a64bb2-c7ed-43fd-8cd7-130d15915b10','INVE757128250411','2025-04-06 03:22:25.810191','2025-04-11 15:03:06.826768',false,false);
INSERT INTO inventory_note (inventory_note_id,store_id,staff_id,"type",image_url,description,code,created_at,updated_at,is_deleted,is_suspended) VALUES
	 ('e2db2e81-f173-4c50-a44c-aa0e375925ee'::uuid,'7c9e6679-7425-40de-944b-e07fc1f90ae7'::uuid,'6e9bac05-802d-46c3-9f58-5ce37cfc038e'::uuid,'ORDER','https://reinir.mooo.com/files/12388714b94b0a15535a.jpg','Deduction for order cbd56508-5d09-4d80-939e-973f4a258252','INVE041916250411','2025-04-05 17:11:39.430197','2025-04-11 15:03:12.147166',false,false);

INSERT INTO inventory_note_item (inventory_note_item_id,inventory_note_id,product_in_store_id,stock_change,before_change,code,created_at,updated_at,is_deleted,is_suspended) VALUES
	 ('45f5e103-c812-4e17-a4f9-9be21a6b21c0'::uuid,'e4f539f0-d2ba-432a-bcc2-db02961971b9'::uuid,'4bf8b89c-fba4-4954-8ab9-cee059b97b1f'::uuid,-1,30,'INVE245264250411','2025-04-01 15:22:07.441464','2025-04-11 14:49:55.741241',false,false),
	 ('72d93144-7015-4515-a2bc-e35bc137cfd0'::uuid,'e4f539f0-d2ba-432a-bcc2-db02961971b9'::uuid,'d8f53197-ca00-44e8-a5ce-4402c1912c26'::uuid,-1,30,'INVE303725250411','2025-04-01 15:22:07.441464','2025-04-11 14:49:55.742275',false,false),
	 ('d810613f-d89e-4324-852a-5928894b598d'::uuid,'e4f539f0-d2ba-432a-bcc2-db02961971b9'::uuid,'7080fe75-58f5-4e40-b5db-747f7ea5f0aa'::uuid,-1,30,'INVE106021250411','2025-04-01 15:22:07.441464','2025-04-11 14:49:55.742264',false,false),
	 ('316ac17e-3ef6-4e66-b0aa-b0cd8672c59f'::uuid,'78274a92-820e-45c8-8be7-b128d09eedb7'::uuid,'d8f53197-ca00-44e8-a5ce-4402c1912c26'::uuid,-1,29,'INVE288181250411','2025-04-06 20:13:54.179032','2025-04-11 14:50:10.192344',false,false),
	 ('6847843d-7212-4262-aee4-bb63e2e59635'::uuid,'78274a92-820e-45c8-8be7-b128d09eedb7'::uuid,'7080fe75-58f5-4e40-b5db-747f7ea5f0aa'::uuid,-1,29,'INVE601696250411','2025-04-06 20:13:54.179032','2025-04-11 14:50:10.192335',false,false),
	 ('ecb24711-e157-4267-bc46-0f6013fc3e32'::uuid,'78274a92-820e-45c8-8be7-b128d09eedb7'::uuid,'4bf8b89c-fba4-4954-8ab9-cee059b97b1f'::uuid,-1,29,'INVE749453250411','2025-04-06 20:13:54.179032','2025-04-11 14:50:10.192322',false,false),
	 ('84c63c2f-311c-4b4c-8dcc-7e3f6adbc3bc'::uuid,'246c94dd-31a4-4948-973b-72e5978af0d5'::uuid,'4bf8b89c-fba4-4954-8ab9-cee059b97b1f'::uuid,-1,28,'INVE203972250411','2025-04-07 07:10:52.813136','2025-04-11 15:02:10.222173',false,false),
	 ('3d51ab46-5414-49ab-866a-25eab0737dab'::uuid,'9923f581-32cb-48bc-af30-c17e04a61ba0'::uuid,'7a2379ca-4556-4646-9030-9ad551a6f82e'::uuid,-1,30,'INVE444696250411','2025-04-09 19:00:53.367644','2025-04-11 15:02:24.225561',false,false),
	 ('bdbd283c-6416-41cc-8daa-fa82dc207ff4'::uuid,'9923f581-32cb-48bc-af30-c17e04a61ba0'::uuid,'fe0136c7-7f19-4889-b5e9-965dde2ea6d9'::uuid,-1,30,'INVE983909250411','2025-04-09 19:00:53.367644','2025-04-11 15:02:24.225567',false,false),
	 ('5db2f79c-c3f4-419f-b1bd-8cf6643a5c0a'::uuid,'cbc1d5d9-ea79-4418-b9dd-beb695feefbc'::uuid,'038dafc0-21ca-4860-b8a4-c2d7ea1d778e'::uuid,-1,30,'INVE768138250411','2025-04-09 03:05:37.35483','2025-04-11 15:02:31.340333',false,false);
INSERT INTO inventory_note_item (inventory_note_item_id,inventory_note_id,product_in_store_id,stock_change,before_change,code,created_at,updated_at,is_deleted,is_suspended) VALUES
	 ('6922c917-f9ad-4bab-8034-29737bce308a'::uuid,'b7fe0188-fc1a-4bc3-a2a8-e10f63a0f504'::uuid,'038dafc0-21ca-4860-b8a4-c2d7ea1d778e'::uuid,-1,29,'INVE668379250411','2025-04-02 00:49:39.889745','2025-04-11 15:02:37.533966',false,false),
	 ('d9416150-1d6e-4b76-a98c-673e0664b971'::uuid,'b7fe0188-fc1a-4bc3-a2a8-e10f63a0f504'::uuid,'4da7a14e-1f35-42b8-b570-82bd6ec4abf3'::uuid,-2,30,'INVE396705250411','2025-04-02 00:49:39.889745','2025-04-11 15:02:37.533992',false,false),
	 ('3a8c991d-e1e5-4259-aa80-ea1ef93167b0'::uuid,'da2784f3-47cf-4b97-a973-aa3148890e9e'::uuid,'fe0136c7-7f19-4889-b5e9-965dde2ea6d9'::uuid,-1,29,'INVE850588250411','2025-04-04 09:48:10.263347','2025-04-11 15:02:43.516424',false,false),
	 ('efc67e3c-aaf1-4323-a5e0-12c40a19a807'::uuid,'58d1b2d5-7522-4971-a16e-c060f8d77a27'::uuid,'1067802d-ca9d-46c7-8301-0d1391fc4b5e'::uuid,-1,30,'INVE661526250411','2025-04-03 12:29:23.60419','2025-04-11 15:02:53.139298',false,false),
	 ('f0695fff-8ea3-4363-9cd7-09a5e5dd8d72'::uuid,'ae442c64-9889-4b8f-be82-f670a4a83f55'::uuid,'b2c0d70b-0add-4f87-baa1-a86798e3c2e3'::uuid,-1,30,'INVE679423250411','2025-04-02 07:50:59.314026','2025-04-11 15:02:59.641828',false,false),
	 ('1986afcd-7c4a-4180-9d74-0c660e3d4306'::uuid,'985ac588-5ae6-48f9-be20-756c3cc93919'::uuid,'4bf8b89c-fba4-4954-8ab9-cee059b97b1f'::uuid,-1,27,'INVE043527250411','2025-04-06 03:22:25.810191','2025-04-11 15:03:06.826826',false,false),
	 ('b1d641a4-5fc6-4276-81b9-acbc38b4b407'::uuid,'985ac588-5ae6-48f9-be20-756c3cc93919'::uuid,'fe0136c7-7f19-4889-b5e9-965dde2ea6d9'::uuid,-1,28,'INVE219030250411','2025-04-06 03:22:25.810191','2025-04-11 15:03:06.826856',false,false),
	 ('81e58241-ad32-46fb-b4ab-90e9b6280a82'::uuid,'e2db2e81-f173-4c50-a44c-aa0e375925ee'::uuid,'1067802d-ca9d-46c7-8301-0d1391fc4b5e'::uuid,-1,29,'INVE098838250411','2025-04-05 17:11:39.430197','2025-04-11 15:03:12.147341',false,false),
	 ('8813cb04-5a5c-4995-b093-dbec178688ad'::uuid,'e2db2e81-f173-4c50-a44c-aa0e375925ee'::uuid,'821d7427-cc07-4d9b-9dde-dea596a1e54c'::uuid,-1,30,'INVE355279250411','2025-04-05 17:11:39.430197','2025-04-11 15:03:12.147313',false,false),
	 ('d3d5c595-f2c5-43f4-acb9-9ce7974397a3'::uuid,'e2db2e81-f173-4c50-a44c-aa0e375925ee'::uuid,'d4081bd7-9657-49d5-8b6a-27bb04fc3b3c'::uuid,-1,30,'INVE150297250411','2025-04-05 17:11:39.430197','2025-04-11 15:03:12.147351',false,false);
