INSERT INTO "order" (order_id,card_id,device_id,staff_id,old_order_id,total,status,image1,image2,image3,is_flagged,is_correction,code,created_at,updated_at,is_deleted,is_suspended) VALUES
	 ('81e8d956-c09f-4df8-8fa5-1177342bcede'::uuid,'e5f6a7b8-c9d0-4123-ef01-5678901234ef'::uuid,'625f0c18-2248-4991-82ff-f7add17302d9'::uuid,NULL,NULL,47700.00,'PAID','https://reinir.mooo.com/files/d9e025cd1b92a8ccf183.jpg','https://reinir.mooo.com/files/12388714b94b0a15535a.jpg','https://reinir.mooo.com/files/aa06332b0d74be2ae765.jpg',false,false,'ORDE282917250409','2025-04-09 10:01:08.709854','2025-04-09 10:01:23.933081',false,false),
	 ('9ade6902-9aca-471f-811b-eb9fb121138d'::uuid,'e5f6a7b8-c9d0-4123-ef01-5678901234ef'::uuid,'625f0c18-2248-4991-82ff-f7add17302d9'::uuid,NULL,NULL,12900.00,'PAID','https://reinir.mooo.com/files/aa06332b0d74be2ae765.jpg','https://reinir.mooo.com/files/12388714b94b0a15535a.jpg','https://reinir.mooo.com/files/d9e025cd1b92a8ccf183.jpg',false,false,'ORDE382818250409','2025-04-09 10:02:10.478545','2025-04-09 10:02:51.325177',false,false),
	 ('45348a2c-862f-4aa8-961a-2797d369291a'::uuid,NULL,'625f0c18-2248-4991-82ff-f7add17302d9'::uuid,NULL,NULL,12900.00,'CREATED','https://reinir.mooo.com/files/aa06332b0d74be2ae765.jpg','https://reinir.mooo.com/files/12388714b94b0a15535a.jpg','https://reinir.mooo.com/files/d9e025cd1b92a8ccf183.jpg',false,false,'ORDE533020250409','2025-04-09 10:04:04.241694','2025-04-09 10:04:04.241694',false,false),
	 ('a51db88a-328c-4890-b029-4ea928e9bf15'::uuid,'e5f6a7b8-c9d0-4123-ef01-5678901234ef'::uuid,'625f0c18-2248-4991-82ff-f7add17302d9'::uuid,NULL,NULL,19900.00,'PAID','https://reinir.mooo.com/files/aa06332b0d74be2ae765.jpg','https://reinir.mooo.com/files/12388714b94b0a15535a.jpg','https://reinir.mooo.com/files/d9e025cd1b92a8ccf183.jpg',false,false,'ORDE792610250409','2025-04-09 10:04:21.202662','2025-04-09 10:05:20.758077',false,false),
	 ('27a79e7b-2c41-4ba9-9362-7d20ccf6d2ed'::uuid,'e5f6a7b8-c9d0-4123-ef01-5678901234ef'::uuid,'625f0c18-2248-4991-82ff-f7add17302d9'::uuid,NULL,NULL,11900.00,'PAID','https://reinir.mooo.com/files/aa06332b0d74be2ae765.jpg','https://reinir.mooo.com/files/12388714b94b0a15535a.jpg','https://reinir.mooo.com/files/d9e025cd1b92a8ccf183.jpg',false,false,'ORDE841315250409','2025-04-09 10:06:10.643791','2025-04-09 10:06:14.212588',false,false),
	 ('ccd7723c-e7bf-43b8-ab94-01e0643cbedf'::uuid,'e5f6a7b8-c9d0-4123-ef01-5678901234ef'::uuid,'625f0c18-2248-4991-82ff-f7add17302d9'::uuid,NULL,NULL,11900.00,'PAID','https://reinir.mooo.com/files/aa06332b0d74be2ae765.jpg','https://reinir.mooo.com/files/12388714b94b0a15535a.jpg','https://reinir.mooo.com/files/d9e025cd1b92a8ccf183.jpg',false,false,'ORDE022724250409','2025-04-09 10:06:20.826836','2025-04-09 10:06:26.741392',false,false),
	 ('f1d7507f-6743-467b-a941-5243714f0e68'::uuid,'e5f6a7b8-c9d0-4123-ef01-5678901234ef'::uuid,'625f0c18-2248-4991-82ff-f7add17302d9'::uuid,NULL,NULL,19900.00,'PAID','https://reinir.mooo.com/files/aa06332b0d74be2ae765.jpg','https://reinir.mooo.com/files/12388714b94b0a15535a.jpg','https://reinir.mooo.com/files/d9e025cd1b92a8ccf183.jpg',false,false,'ORDE486682250409','2025-04-09 10:06:30.330191','2025-04-09 10:06:35.661549',false,false),
	 ('4c85443b-c880-487d-b271-93f6c97fbaf1'::uuid,'e5f6a7b8-c9d0-4123-ef01-5678901234ef'::uuid,'625f0c18-2248-4991-82ff-f7add17302d9'::uuid,NULL,NULL,15900.00,'PAID','https://reinir.mooo.com/files/aa06332b0d74be2ae765.jpg','https://reinir.mooo.com/files/12388714b94b0a15535a.jpg','https://reinir.mooo.com/files/d9e025cd1b92a8ccf183.jpg',false,false,'ORDE829263250409','2025-04-09 10:06:39.571627','2025-04-09 10:06:45.492335',false,false),
	 ('90ecead0-ae49-4717-b2ed-9e0d6329f734'::uuid,'e5f6a7b8-c9d0-4123-ef01-5678901234ef'::uuid,'625f0c18-2248-4991-82ff-f7add17302d9'::uuid,NULL,NULL,12900.00,'PAID','https://reinir.mooo.com/files/aa06332b0d74be2ae765.jpg','https://reinir.mooo.com/files/12388714b94b0a15535a.jpg','https://reinir.mooo.com/files/d9e025cd1b92a8ccf183.jpg',false,false,'ORDE462421250409','2025-04-09 10:06:49.25596','2025-04-09 10:06:54.666255',false,false),
	 ('0cdea66a-df3c-41c5-8ab8-4980bd55635d'::uuid,NULL,'625f0c18-2248-4991-82ff-f7add17302d9'::uuid,NULL,NULL,12900.00,'CREATED','https://reinir.mooo.com/files/aa06332b0d74be2ae765.jpg','https://reinir.mooo.com/files/12388714b94b0a15535a.jpg','https://reinir.mooo.com/files/d9e025cd1b92a8ccf183.jpg',false,false,'ORDE115458250409','2025-04-09 10:06:59.135405','2025-04-09 10:06:59.135405',false,false);
INSERT INTO "order" (order_id,card_id,device_id,staff_id,old_order_id,total,status,image1,image2,image3,is_flagged,is_correction,code,created_at,updated_at,is_deleted,is_suspended) VALUES
	 ('7893d725-a670-4018-a56f-376c46fa70f6'::uuid,'e5f6a7b8-c9d0-4123-ef01-5678901234ef'::uuid,'625f0c18-2248-4991-82ff-f7add17302d9'::uuid,NULL,NULL,12900.00,'PAID','https://reinir.mooo.com/files/aa06332b0d74be2ae765.jpg','https://reinir.mooo.com/files/12388714b94b0a15535a.jpg','https://reinir.mooo.com/files/d9e025cd1b92a8ccf183.jpg',false,false,'ORDE363499250409','2025-04-09 10:07:02.689255','2025-04-09 10:07:06.923054',false,false),
	 ('49353c3b-7ef7-403e-af1d-9e7d6159ef50'::uuid,'e5f6a7b8-c9d0-4123-ef01-5678901234ef'::uuid,'625f0c18-2248-4991-82ff-f7add17302d9'::uuid,NULL,NULL,36800.00,'PAID','https://reinir.mooo.com/files/aa06332b0d74be2ae765.jpg','https://reinir.mooo.com/files/12388714b94b0a15535a.jpg','https://reinir.mooo.com/files/d9e025cd1b92a8ccf183.jpg',false,false,'ORDE323669250409','2025-04-09 10:07:11.352275','2025-04-09 10:07:16.842495',false,false),
	 ('ff2e1cbf-cb54-460c-8008-c53105039802'::uuid,NULL,'625f0c18-2248-4991-82ff-f7add17302d9'::uuid,NULL,NULL,41800.00,'CREATED','https://reinir.mooo.com/files/aa06332b0d74be2ae765.jpg','https://reinir.mooo.com/files/12388714b94b0a15535a.jpg','https://reinir.mooo.com/files/d9e025cd1b92a8ccf183.jpg',false,false,'ORDE007423250409','2025-04-09 10:07:25.113549','2025-04-09 10:07:25.113549',false,false),
	 ('21241ecb-b14b-42a0-966f-8c13a1368acb'::uuid,NULL,'625f0c18-2248-4991-82ff-f7add17302d9'::uuid,NULL,NULL,0.00,'CREATED','https://reinir.mooo.com/files/aa06332b0d74be2ae765.jpg','https://reinir.mooo.com/files/12388714b94b0a15535a.jpg','https://reinir.mooo.com/files/d9e025cd1b92a8ccf183.jpg',false,false,'ORDE464191250409','2025-04-09 10:07:28.663302','2025-04-09 10:07:28.663303',false,false),
	 ('b31dd818-0948-4ed9-824e-4ca67aa34759'::uuid,'e5f6a7b8-c9d0-4123-ef01-5678901234ef'::uuid,'625f0c18-2248-4991-82ff-f7add17302d9'::uuid,NULL,NULL,38800.00,'PAID','https://reinir.mooo.com/files/aa06332b0d74be2ae765.jpg','https://reinir.mooo.com/files/12388714b94b0a15535a.jpg','https://reinir.mooo.com/files/d9e025cd1b92a8ccf183.jpg',false,false,'ORDE695350250409','2025-04-09 10:07:33.168282','2025-04-09 10:07:40.395502',false,false),
	 ('01dee123-4948-4c16-8d07-42fbe02a8da4'::uuid,'e5f6a7b8-c9d0-4123-ef01-5678901234ef'::uuid,'625f0c18-2248-4991-82ff-f7add17302d9'::uuid,NULL,NULL,12900.00,'PAID','https://reinir.mooo.com/files/aa06332b0d74be2ae765.jpg','https://reinir.mooo.com/files/12388714b94b0a15535a.jpg','https://reinir.mooo.com/files/d9e025cd1b92a8ccf183.jpg',false,false,'ORDE126477250409','2025-04-09 10:09:22.133282','2025-04-09 10:09:30.07863',false,false),
	 ('d6e8745f-f353-4ff5-b439-790a1e090e8a'::uuid,'e5f6a7b8-c9d0-4123-ef01-5678901234ef'::uuid,'625f0c18-2248-4991-82ff-f7add17302d9'::uuid,NULL,NULL,37800.00,'PAID','https://reinir.mooo.com/files/aa06332b0d74be2ae765.jpg','https://reinir.mooo.com/files/12388714b94b0a15535a.jpg','https://reinir.mooo.com/files/d9e025cd1b92a8ccf183.jpg',false,false,'ORDE936620250409','2025-04-09 10:09:34.610445','2025-04-09 10:09:40.210644',false,false),
	 ('450e1abb-d4b4-4916-94a3-2fc688e2cfda'::uuid,'e5f6a7b8-c9d0-4123-ef01-5678901234ef'::uuid,'625f0c18-2248-4991-82ff-f7add17302d9'::uuid,NULL,NULL,33800.00,'PAID','https://reinir.mooo.com/files/aa06332b0d74be2ae765.jpg','https://reinir.mooo.com/files/12388714b94b0a15535a.jpg','https://reinir.mooo.com/files/d9e025cd1b92a8ccf183.jpg',false,false,'ORDE705039250409','2025-04-09 10:10:43.739831','2025-04-09 10:10:50.686844',false,false),
	 ('2d5a3ccb-168c-428c-a42a-1538db744ca0'::uuid,'e5f6a7b8-c9d0-4123-ef01-5678901234ef'::uuid,'625f0c18-2248-4991-82ff-f7add17302d9'::uuid,NULL,NULL,19900.00,'PAID','https://reinir.mooo.com/files/aa06332b0d74be2ae765.jpg','https://reinir.mooo.com/files/12388714b94b0a15535a.jpg','https://reinir.mooo.com/files/d9e025cd1b92a8ccf183.jpg',false,false,'ORDE655914250409','2025-04-09 10:10:56.024949','2025-04-09 10:11:02.093981',false,false),
	 ('f90a7e14-22a6-48ae-852b-324cd11b448a'::uuid,NULL,'625f0c18-2248-4991-82ff-f7add17302d9'::uuid,NULL,NULL,11900.00,'CREATED','https://reinir.mooo.com/files/aa06332b0d74be2ae765.jpg','https://reinir.mooo.com/files/12388714b94b0a15535a.jpg','https://reinir.mooo.com/files/d9e025cd1b92a8ccf183.jpg',false,false,'ORDE400546250409','2025-04-09 10:12:02.171509','2025-04-09 10:12:02.171509',false,false);
INSERT INTO "order" (order_id,card_id,device_id,staff_id,old_order_id,total,status,image1,image2,image3,is_flagged,is_correction,code,created_at,updated_at,is_deleted,is_suspended) VALUES
	 ('26d79d9c-8a22-4315-ace8-56780cf17110'::uuid,'e5f6a7b8-c9d0-4123-ef01-5678901234ef'::uuid,'625f0c18-2248-4991-82ff-f7add17302d9'::uuid,NULL,NULL,62600.00,'PAID','https://reinir.mooo.com/files/aa06332b0d74be2ae765.jpg','https://reinir.mooo.com/files/12388714b94b0a15535a.jpg','https://reinir.mooo.com/files/d9e025cd1b92a8ccf183.jpg',false,false,'ORDE712459250409','2025-04-09 10:12:05.980498','2025-04-09 10:12:11.332312',false,false),
	 ('11711d74-1de5-4ba3-9dae-b5ce81384213'::uuid,'e5f6a7b8-c9d0-4123-ef01-5678901234ef'::uuid,'625f0c18-2248-4991-82ff-f7add17302d9'::uuid,NULL,NULL,18900.00,'PAID','https://reinir.mooo.com/files/aa06332b0d74be2ae765.jpg','https://reinir.mooo.com/files/12388714b94b0a15535a.jpg','https://reinir.mooo.com/files/d9e025cd1b92a8ccf183.jpg',false,false,'ORDE179839250409','2025-04-09 10:13:22.584428','2025-04-09 10:13:39.118534',false,false),
	 ('021145a7-918f-4278-b675-796760b1177d'::uuid,'e5f6a7b8-c9d0-4123-ef01-5678901234ef'::uuid,'625f0c18-2248-4991-82ff-f7add17302d9'::uuid,NULL,NULL,37800.00,'PAID','https://reinir.mooo.com/files/aa06332b0d74be2ae765.jpg','https://reinir.mooo.com/files/12388714b94b0a15535a.jpg','https://reinir.mooo.com/files/d9e025cd1b92a8ccf183.jpg',false,false,'ORDE775606250409','2025-04-09 10:13:48.274361','2025-04-09 10:13:54.247375',false,false),
	 ('e87fe469-da67-4b66-b1b5-f79f737a78e9'::uuid,'e5f6a7b8-c9d0-4123-ef01-5678901234ef'::uuid,'625f0c18-2248-4991-82ff-f7add17302d9'::uuid,NULL,NULL,36800.00,'PAID','https://reinir.mooo.com/files/aa06332b0d74be2ae765.jpg','https://reinir.mooo.com/files/12388714b94b0a15535a.jpg','https://reinir.mooo.com/files/d9e025cd1b92a8ccf183.jpg',false,false,'ORDE269140250409','2025-04-09 10:13:58.639606','2025-04-09 10:14:05.238705',false,false),
	 ('5751a689-d04b-4063-b103-d0789f7e226a'::uuid,NULL,'625f0c18-2248-4991-82ff-f7add17302d9'::uuid,NULL,NULL,12900.00,'CREATED','https://reinir.mooo.com/files/aa06332b0d74be2ae765.jpg','https://reinir.mooo.com/files/12388714b94b0a15535a.jpg','https://reinir.mooo.com/files/d9e025cd1b92a8ccf183.jpg',false,false,'ORDE244298250409','2025-04-09 10:14:40.124572','2025-04-09 10:14:40.124572',false,false),
	 ('b489d2db-c5fc-466b-888d-c38d7303d4de'::uuid,'e5f6a7b8-c9d0-4123-ef01-5678901234ef'::uuid,'625f0c18-2248-4991-82ff-f7add17302d9'::uuid,NULL,NULL,19900.00,'PAID','https://reinir.mooo.com/files/aa06332b0d74be2ae765.jpg','https://reinir.mooo.com/files/12388714b94b0a15535a.jpg','https://reinir.mooo.com/files/d9e025cd1b92a8ccf183.jpg',false,false,'ORDE741994250409','2025-04-09 10:14:48.87751','2025-04-09 10:14:54.671523',false,false);


INSERT INTO order_item (order_item_id,order_id,product_id,count,unit_price,code,created_at,updated_at,is_deleted,is_suspended) VALUES
	 ('602950f6-b72b-4905-8a3c-94c5e7f6c46a'::uuid,'81e8d956-c09f-4df8-8fa5-1177342bcede'::uuid,'a1b2c3d4-5678-90ab-cdef-123456789017'::uuid,1,12900.00,'ORDE720145250409','2025-04-09 10:01:08.952297','2025-04-09 10:01:08.952297',false,false),
	 ('89c58f9c-be9e-47dd-9ddc-6ea1b9f7189b'::uuid,'81e8d956-c09f-4df8-8fa5-1177342bcede'::uuid,'a1b2c3d4-5678-90ab-cdef-123456789021'::uuid,1,18900.00,'ORDE673861250409','2025-04-09 10:01:08.91407','2025-04-09 10:01:08.914071',false,false),
	 ('a83e6baa-16b0-42ca-8016-0ec2a9bc75ac'::uuid,'81e8d956-c09f-4df8-8fa5-1177342bcede'::uuid,'a1b2c3d4-5678-90ab-cdef-123456789022'::uuid,1,15900.00,'ORDE665895250409','2025-04-09 10:01:08.950766','2025-04-09 10:01:08.950766',false,false),
	 ('6e9ec237-186d-4b9d-bb72-40af50180ace'::uuid,'9ade6902-9aca-471f-811b-eb9fb121138d'::uuid,'a1b2c3d4-5678-90ab-cdef-123456789007'::uuid,1,12900.00,'ORDE044307250409','2025-04-09 10:02:10.5121','2025-04-09 10:02:10.5121',false,false),
	 ('07f99c0b-717b-40ca-9cab-bf5f841646e0'::uuid,'45348a2c-862f-4aa8-961a-2797d369291a'::uuid,'a1b2c3d4-5678-90ab-cdef-123456789007'::uuid,1,12900.00,'ORDE417746250409','2025-04-09 10:04:04.276026','2025-04-09 10:04:04.276026',false,false),
	 ('40d615f2-f634-42ae-952a-de3b5929812e'::uuid,'a51db88a-328c-4890-b029-4ea928e9bf15'::uuid,'a1b2c3d4-5678-90ab-cdef-123456789005'::uuid,1,19900.00,'ORDE093190250409','2025-04-09 10:04:21.235732','2025-04-09 10:04:21.235732',false,false),
	 ('529e2162-fe01-4d39-a743-be02c6186a27'::uuid,'27a79e7b-2c41-4ba9-9362-7d20ccf6d2ed'::uuid,'a1b2c3d4-5678-90ab-cdef-123456789008'::uuid,1,11900.00,'ORDE865204250409','2025-04-09 10:06:10.682421','2025-04-09 10:06:10.682422',false,false),
	 ('fcc5b9d4-a87a-4d5d-ba26-244a86c3f599'::uuid,'ccd7723c-e7bf-43b8-ab94-01e0643cbedf'::uuid,'a1b2c3d4-5678-90ab-cdef-123456789008'::uuid,1,11900.00,'ORDE198888250409','2025-04-09 10:06:20.861103','2025-04-09 10:06:20.861104',false,false),
	 ('4dbb4dc7-b19b-4f4e-8418-ac09509c0390'::uuid,'f1d7507f-6743-467b-a941-5243714f0e68'::uuid,'a1b2c3d4-5678-90ab-cdef-123456789006'::uuid,1,19900.00,'ORDE665361250409','2025-04-09 10:06:30.364668','2025-04-09 10:06:30.364668',false,false),
	 ('5d35c41d-481c-4e5a-a03b-a46e0c38740e'::uuid,'4c85443b-c880-487d-b271-93f6c97fbaf1'::uuid,'a1b2c3d4-5678-90ab-cdef-123456789010'::uuid,1,15900.00,'ORDE609177250409','2025-04-09 10:06:39.608044','2025-04-09 10:06:39.608044',false,false);
INSERT INTO order_item (order_item_id,order_id,product_id,count,unit_price,code,created_at,updated_at,is_deleted,is_suspended) VALUES
	 ('fba18ced-add9-4717-a9db-40d275eb7bb9'::uuid,'90ecead0-ae49-4717-b2ed-9e0d6329f734'::uuid,'a1b2c3d4-5678-90ab-cdef-123456789011'::uuid,1,12900.00,'ORDE020091250409','2025-04-09 10:06:49.29033','2025-04-09 10:06:49.290331',false,false),
	 ('756d5ca9-81d5-4ee0-8b24-d502a0ea2f11'::uuid,'0cdea66a-df3c-41c5-8ab8-4980bd55635d'::uuid,'a1b2c3d4-5678-90ab-cdef-123456789011'::uuid,1,12900.00,'ORDE789993250409','2025-04-09 10:06:59.173766','2025-04-09 10:06:59.173767',false,false),
	 ('7c1cbf69-0005-46a8-bee0-947a3fafd64c'::uuid,'7893d725-a670-4018-a56f-376c46fa70f6'::uuid,'a1b2c3d4-5678-90ab-cdef-123456789007'::uuid,1,12900.00,'ORDE884694250409','2025-04-09 10:07:02.724944','2025-04-09 10:07:02.724945',false,false),
	 ('a922d1c5-29fa-487d-8901-6d7953a5b3f7'::uuid,'49353c3b-7ef7-403e-af1d-9e7d6159ef50'::uuid,'a1b2c3d4-5678-90ab-cdef-123456789009'::uuid,1,17900.00,'ORDE199520250409','2025-04-09 10:07:11.388794','2025-04-09 10:07:11.388794',false,false),
	 ('ee206561-c664-4460-bd03-d4869aaf1cb9'::uuid,'49353c3b-7ef7-403e-af1d-9e7d6159ef50'::uuid,'a1b2c3d4-5678-90ab-cdef-123456789003'::uuid,1,18900.00,'ORDE587213250409','2025-04-09 10:07:11.388755','2025-04-09 10:07:11.388755',false,false),
	 ('ed375c4c-0e79-46b6-93db-6082c5e77683'::uuid,'ff2e1cbf-cb54-460c-8008-c53105039802'::uuid,'a1b2c3d4-5678-90ab-cdef-123456789011'::uuid,1,12900.00,'ORDE979665250409','2025-04-09 10:07:25.148952','2025-04-09 10:07:25.148952',false,false),
	 ('fc027a94-e035-4f05-9768-551f841855a3'::uuid,'ff2e1cbf-cb54-460c-8008-c53105039802'::uuid,'a1b2c3d4-5678-90ab-cdef-123456789018'::uuid,1,28900.00,'ORDE815385250409','2025-04-09 10:07:25.148906','2025-04-09 10:07:25.148906',false,false),
	 ('637b7e53-b1d3-467d-9ef6-e46d9f0ebc59'::uuid,'b31dd818-0948-4ed9-824e-4ca67aa34759'::uuid,'a1b2c3d4-5678-90ab-cdef-123456789021'::uuid,1,18900.00,'ORDE345166250409','2025-04-09 10:07:33.204274','2025-04-09 10:07:33.204274',false,false),
	 ('b70ae4c2-c47f-4b33-8c12-c425cb9e827c'::uuid,'b31dd818-0948-4ed9-824e-4ca67aa34759'::uuid,'a1b2c3d4-5678-90ab-cdef-123456789001'::uuid,1,19900.00,'ORDE296569250409','2025-04-09 10:07:33.204369','2025-04-09 10:07:33.204369',false,false),
	 ('79936223-930c-40e5-8be9-4568b771f285'::uuid,'01dee123-4948-4c16-8d07-42fbe02a8da4'::uuid,'a1b2c3d4-5678-90ab-cdef-123456789011'::uuid,1,12900.00,'ORDE303690250409','2025-04-09 10:09:22.167709','2025-04-09 10:09:22.167709',false,false);
INSERT INTO order_item (order_item_id,order_id,product_id,count,unit_price,code,created_at,updated_at,is_deleted,is_suspended) VALUES
	 ('50e2f7cf-f6e5-42e2-9173-619b314892b5'::uuid,'d6e8745f-f353-4ff5-b439-790a1e090e8a'::uuid,'a1b2c3d4-5678-90ab-cdef-123456789020'::uuid,1,19900.00,'ORDE244678250409','2025-04-09 10:09:34.642615','2025-04-09 10:09:34.642615',false,false),
	 ('8b5ee517-82cb-4539-a7be-8d36d8be81a0'::uuid,'d6e8745f-f353-4ff5-b439-790a1e090e8a'::uuid,'a1b2c3d4-5678-90ab-cdef-123456789009'::uuid,1,17900.00,'ORDE687584250409','2025-04-09 10:09:34.642717','2025-04-09 10:09:34.642717',false,false),
	 ('2c4486d3-3c86-4f21-9d17-f03b49535fde'::uuid,'450e1abb-d4b4-4916-94a3-2fc688e2cfda'::uuid,'a1b2c3d4-5678-90ab-cdef-123456789011'::uuid,1,12900.00,'ORDE710588250409','2025-04-09 10:10:43.775242','2025-04-09 10:10:43.775242',false,false),
	 ('5cb6956f-5c66-45f2-aaa7-4f93eb8ebb70'::uuid,'450e1abb-d4b4-4916-94a3-2fc688e2cfda'::uuid,'a1b2c3d4-5678-90ab-cdef-123456789002'::uuid,1,20900.00,'ORDE225600250409','2025-04-09 10:10:43.77537','2025-04-09 10:10:43.77537',false,false),
	 ('d1d2c0be-0f4a-495f-a40e-582c31e56922'::uuid,'2d5a3ccb-168c-428c-a42a-1538db744ca0'::uuid,'a1b2c3d4-5678-90ab-cdef-123456789006'::uuid,1,19900.00,'ORDE497239250409','2025-04-09 10:10:56.060286','2025-04-09 10:10:56.060286',false,false),
	 ('dc2c747e-dcfe-4251-b2c6-3b77ec6f3512'::uuid,'f90a7e14-22a6-48ae-852b-324cd11b448a'::uuid,'a1b2c3d4-5678-90ab-cdef-123456789008'::uuid,1,11900.00,'ORDE552483250409','2025-04-09 10:12:02.205548','2025-04-09 10:12:02.205548',false,false),
	 ('3960aeaf-c068-461a-9cd3-1444cbef62ea'::uuid,'26d79d9c-8a22-4315-ace8-56780cf17110'::uuid,'a1b2c3d4-5678-90ab-cdef-123456789020'::uuid,1,19900.00,'ORDE737107250409','2025-04-09 10:12:06.01449','2025-04-09 10:12:06.01449',false,false),
	 ('6e8db141-2f16-4feb-886c-b4d726d3a0ff'::uuid,'26d79d9c-8a22-4315-ace8-56780cf17110'::uuid,'a1b2c3d4-5678-90ab-cdef-123456789008'::uuid,2,11900.00,'ORDE128123250409','2025-04-09 10:12:06.014577','2025-04-09 10:12:06.014577',false,false),
	 ('9844a29b-0a5f-45de-a286-ed4dcb3831ec'::uuid,'26d79d9c-8a22-4315-ace8-56780cf17110'::uuid,'a1b2c3d4-5678-90ab-cdef-123456789003'::uuid,1,18900.00,'ORDE563952250409','2025-04-09 10:12:06.0146','2025-04-09 10:12:06.0146',false,false),
	 ('a44dcd41-81d0-4e6c-aa98-c2e23fc051e2'::uuid,'11711d74-1de5-4ba3-9dae-b5ce81384213'::uuid,'a1b2c3d4-5678-90ab-cdef-123456789003'::uuid,1,18900.00,'ORDE653300250409','2025-04-09 10:13:22.618646','2025-04-09 10:13:22.618646',false,false);
INSERT INTO order_item (order_item_id,order_id,product_id,count,unit_price,code,created_at,updated_at,is_deleted,is_suspended) VALUES
	 ('d4f54bcf-77ed-48e1-b239-9cad83aaf2ea'::uuid,'021145a7-918f-4278-b675-796760b1177d'::uuid,'a1b2c3d4-5678-90ab-cdef-123456789001'::uuid,1,19900.00,'ORDE152870250409','2025-04-09 10:13:48.308412','2025-04-09 10:13:48.308413',false,false),
	 ('e31aed38-dae5-450e-9e53-65d3c9446b7a'::uuid,'021145a7-918f-4278-b675-796760b1177d'::uuid,'a1b2c3d4-5678-90ab-cdef-123456789009'::uuid,1,17900.00,'ORDE439592250409','2025-04-09 10:13:48.308451','2025-04-09 10:13:48.308451',false,false),
	 ('52b24104-18e4-449d-bf6f-27108b72e8e9'::uuid,'e87fe469-da67-4b66-b1b5-f79f737a78e9'::uuid,'a1b2c3d4-5678-90ab-cdef-123456789009'::uuid,1,17900.00,'ORDE424402250409','2025-04-09 10:13:58.676879','2025-04-09 10:13:58.676879',false,false),
	 ('be014357-a9dc-45de-b951-f1810d7bd4d9'::uuid,'e87fe469-da67-4b66-b1b5-f79f737a78e9'::uuid,'a1b2c3d4-5678-90ab-cdef-123456789003'::uuid,1,18900.00,'ORDE502903250409','2025-04-09 10:13:58.676929','2025-04-09 10:13:58.676929',false,false),
	 ('a200cd11-2654-44c9-aff2-d5561d9ba77f'::uuid,'5751a689-d04b-4063-b103-d0789f7e226a'::uuid,'a1b2c3d4-5678-90ab-cdef-123456789007'::uuid,1,12900.00,'ORDE785255250409','2025-04-09 10:14:40.16116','2025-04-09 10:14:40.16116',false,false),
	 ('63a2e637-dd10-4e02-98b8-7eda4b8f67a8'::uuid,'b489d2db-c5fc-466b-888d-c38d7303d4de'::uuid,'a1b2c3d4-5678-90ab-cdef-123456789006'::uuid,1,19900.00,'ORDE192149250409','2025-04-09 10:14:48.911137','2025-04-09 10:14:48.911137',false,false);


INSERT INTO inventory_note (inventory_note_id,store_id,staff_id,"type",image_url,description,code,created_at,updated_at,is_deleted,is_suspended) VALUES
	 ('301fa990-b359-461e-9a9d-cca931280e80','a1e2f8c4-4c1b-4f2a-bf71-1f3c7a1b1111','6e9bac05-802d-46c3-9f58-5ce37cfc038e','ORDER','https://reinir.mooo.com/files/12388714b94b0a15535a.jpg','Deduction for order 81e8d956-c09f-4df8-8fa5-1177342bcede','INVE504778250409','2025-04-09 10:01:24.427773','2025-04-09 10:01:24.427773',false,false),
	 ('3a4ba280-9344-4b33-9784-80e88a86cfbd','a1e2f8c4-4c1b-4f2a-bf71-1f3c7a1b1111','6e9bac05-802d-46c3-9f58-5ce37cfc038e','ORDER','https://reinir.mooo.com/files/12388714b94b0a15535a.jpg','Deduction for order 9ade6902-9aca-471f-811b-eb9fb121138d','INVE953188250409','2025-04-09 10:02:51.536608','2025-04-09 10:02:51.536608',false,false),
	 ('7eae5420-025f-4588-8805-0d9b78fc801e','a1e2f8c4-4c1b-4f2a-bf71-1f3c7a1b1111','6e9bac05-802d-46c3-9f58-5ce37cfc038e','ORDER','https://reinir.mooo.com/files/12388714b94b0a15535a.jpg','Deduction for order a51db88a-328c-4890-b029-4ea928e9bf15','INVE741268250409','2025-04-09 10:05:20.955315','2025-04-09 10:05:20.955316',false,false),
	 ('deaaf0eb-2df1-4845-8fe3-31bd963dac9f','a1e2f8c4-4c1b-4f2a-bf71-1f3c7a1b1111','6e9bac05-802d-46c3-9f58-5ce37cfc038e','ORDER','https://reinir.mooo.com/files/12388714b94b0a15535a.jpg','Deduction for order 27a79e7b-2c41-4ba9-9362-7d20ccf6d2ed','INVE175084250409','2025-04-09 10:06:14.434896','2025-04-09 10:06:14.434896',false,false),
	 ('643709af-c846-42b8-a7f0-4337ac80f662','a1e2f8c4-4c1b-4f2a-bf71-1f3c7a1b1111','6e9bac05-802d-46c3-9f58-5ce37cfc038e','ORDER','https://reinir.mooo.com/files/12388714b94b0a15535a.jpg','Deduction for order ccd7723c-e7bf-43b8-ab94-01e0643cbedf','INVE570314250409','2025-04-09 10:06:26.952312','2025-04-09 10:06:26.952312',false,false),
	 ('6f81d89c-9929-4ef2-89a1-b4b1ffc2bbc2','a1e2f8c4-4c1b-4f2a-bf71-1f3c7a1b1111','6e9bac05-802d-46c3-9f58-5ce37cfc038e','ORDER','https://reinir.mooo.com/files/12388714b94b0a15535a.jpg','Deduction for order f1d7507f-6743-467b-a941-5243714f0e68','INVE015595250409','2025-04-09 10:06:35.872782','2025-04-09 10:06:35.872782',false,false),
	 ('5dd81824-3896-46ef-9551-54c4166a36aa','a1e2f8c4-4c1b-4f2a-bf71-1f3c7a1b1111','6e9bac05-802d-46c3-9f58-5ce37cfc038e','ORDER','https://reinir.mooo.com/files/12388714b94b0a15535a.jpg','Deduction for order 4c85443b-c880-487d-b271-93f6c97fbaf1','INVE849174250409','2025-04-09 10:06:45.720777','2025-04-09 10:06:45.720777',false,false),
	 ('12a1e6dd-8fc4-4c23-8bcb-14d9c33b2be8','a1e2f8c4-4c1b-4f2a-bf71-1f3c7a1b1111','6e9bac05-802d-46c3-9f58-5ce37cfc038e','ORDER','https://reinir.mooo.com/files/12388714b94b0a15535a.jpg','Deduction for order 90ecead0-ae49-4717-b2ed-9e0d6329f734','INVE494367250409','2025-04-09 10:06:54.877888','2025-04-09 10:06:54.877888',false,false),
	 ('27b35ee2-a2c6-4434-91fa-6e09cdf3a81d','a1e2f8c4-4c1b-4f2a-bf71-1f3c7a1b1111','6e9bac05-802d-46c3-9f58-5ce37cfc038e','ORDER','https://reinir.mooo.com/files/12388714b94b0a15535a.jpg','Deduction for order 7893d725-a670-4018-a56f-376c46fa70f6','INVE875344250409','2025-04-09 10:07:07.141322','2025-04-09 10:07:07.141322',false,false),
	 ('4e43a035-4b18-437a-baa9-82f5401b870c','a1e2f8c4-4c1b-4f2a-bf71-1f3c7a1b1111','6e9bac05-802d-46c3-9f58-5ce37cfc038e','ORDER','https://reinir.mooo.com/files/12388714b94b0a15535a.jpg','Deduction for order 49353c3b-7ef7-403e-af1d-9e7d6159ef50','INVE841726250409','2025-04-09 10:07:17.055687','2025-04-09 10:07:17.055687',false,false);
INSERT INTO inventory_note (inventory_note_id,store_id,staff_id,"type",image_url,description,code,created_at,updated_at,is_deleted,is_suspended) VALUES
	 ('aa3cbb8e-ac3b-4cb3-a467-a8da70187c7c','a1e2f8c4-4c1b-4f2a-bf71-1f3c7a1b1111','6e9bac05-802d-46c3-9f58-5ce37cfc038e','ORDER','https://reinir.mooo.com/files/12388714b94b0a15535a.jpg','Deduction for order b31dd818-0948-4ed9-824e-4ca67aa34759','INVE375672250409','2025-04-09 10:07:40.619382','2025-04-09 10:07:40.619382',false,false),
	 ('fc67dcff-1cd1-4aae-b0ba-c44dc529d81b','a1e2f8c4-4c1b-4f2a-bf71-1f3c7a1b1111','6e9bac05-802d-46c3-9f58-5ce37cfc038e','ORDER','https://reinir.mooo.com/files/12388714b94b0a15535a.jpg','Deduction for order 01dee123-4948-4c16-8d07-42fbe02a8da4','INVE826099250409','2025-04-09 10:09:30.283222','2025-04-09 10:09:30.283222',false,false),
	 ('3359c7e0-f294-4c1c-ad90-57c58650a1b1','a1e2f8c4-4c1b-4f2a-bf71-1f3c7a1b1111','6e9bac05-802d-46c3-9f58-5ce37cfc038e','ORDER','https://reinir.mooo.com/files/12388714b94b0a15535a.jpg','Deduction for order d6e8745f-f353-4ff5-b439-790a1e090e8a','INVE736341250409','2025-04-09 10:09:40.42389','2025-04-09 10:09:40.42389',false,false),
	 ('42f1cd0d-310f-4127-8ea8-1a4708d43cdf','a1e2f8c4-4c1b-4f2a-bf71-1f3c7a1b1111','6e9bac05-802d-46c3-9f58-5ce37cfc038e','ORDER','https://reinir.mooo.com/files/12388714b94b0a15535a.jpg','Deduction for order 450e1abb-d4b4-4916-94a3-2fc688e2cfda','INVE746630250409','2025-04-09 10:10:50.898211','2025-04-09 10:10:50.898211',false,false),
	 ('6addc26e-b65d-4c5f-9558-428f7cabf406','a1e2f8c4-4c1b-4f2a-bf71-1f3c7a1b1111','6e9bac05-802d-46c3-9f58-5ce37cfc038e','ORDER','https://reinir.mooo.com/files/12388714b94b0a15535a.jpg','Deduction for order 2d5a3ccb-168c-428c-a42a-1538db744ca0','INVE599679250409','2025-04-09 10:11:02.310946','2025-04-09 10:11:02.310946',false,false),
	 ('fc57c39a-c987-40db-941a-fcfb0d09c357','a1e2f8c4-4c1b-4f2a-bf71-1f3c7a1b1111','6e9bac05-802d-46c3-9f58-5ce37cfc038e','ORDER','https://reinir.mooo.com/files/12388714b94b0a15535a.jpg','Deduction for order 26d79d9c-8a22-4315-ace8-56780cf17110','INVE066031250409','2025-04-09 10:12:11.563144','2025-04-09 10:12:11.563144',false,false),
	 ('e1a725f5-7c1b-4e29-8250-60a22a05d2c1','a1e2f8c4-4c1b-4f2a-bf71-1f3c7a1b1111','6e9bac05-802d-46c3-9f58-5ce37cfc038e','ORDER','https://reinir.mooo.com/files/12388714b94b0a15535a.jpg','Deduction for order 11711d74-1de5-4ba3-9dae-b5ce81384213','INVE768828250409','2025-04-09 10:13:39.323601','2025-04-09 10:13:39.323602',false,false),
	 ('ada3692c-8b20-4fda-8dbb-27300fb6b94a','a1e2f8c4-4c1b-4f2a-bf71-1f3c7a1b1111','6e9bac05-802d-46c3-9f58-5ce37cfc038e','ORDER','https://reinir.mooo.com/files/12388714b94b0a15535a.jpg','Deduction for order 021145a7-918f-4278-b675-796760b1177d','INVE050862250409','2025-04-09 10:13:54.448834','2025-04-09 10:13:54.448834',false,false),
	 ('d6138d1c-3f77-4149-8672-1e8891b82a01','a1e2f8c4-4c1b-4f2a-bf71-1f3c7a1b1111','6e9bac05-802d-46c3-9f58-5ce37cfc038e','ORDER','https://reinir.mooo.com/files/12388714b94b0a15535a.jpg','Deduction for order e87fe469-da67-4b66-b1b5-f79f737a78e9','INVE161313250409','2025-04-09 10:14:05.439336','2025-04-09 10:14:05.439336',false,false),
	 ('b609d414-c3bf-4a4b-9a02-c31cc9a1375b','a1e2f8c4-4c1b-4f2a-bf71-1f3c7a1b1111','6e9bac05-802d-46c3-9f58-5ce37cfc038e','ORDER','https://reinir.mooo.com/files/12388714b94b0a15535a.jpg','Deduction for order b489d2db-c5fc-466b-888d-c38d7303d4de','INVE600059250409','2025-04-09 10:14:55.098685','2025-04-09 10:14:55.098685',false,false);

INSERT INTO inventory_note_item (inventory_note_item_id,inventory_note_id,product_in_store_id,stock_change,before_change,code,created_at,updated_at,is_deleted,is_suspended) VALUES
	 ('4da0ca21-db95-474d-aded-0dda283996b3','301fa990-b359-461e-9a9d-cca931280e80','81bb0fc4-039c-464d-a744-8f2267458e36',-1,30,'INVE309351250409','2025-04-09 10:01:24.432449','2025-04-09 10:01:24.43245',false,false),
	 ('c7667198-1af2-4e74-8aa2-450bef0847ea','301fa990-b359-461e-9a9d-cca931280e80','ad9c2c20-8da2-47a0-831d-94a69cc424c2',-1,30,'INVE767881250409','2025-04-09 10:01:24.433361','2025-04-09 10:01:24.433361',false,false),
	 ('e8a330b8-85aa-4811-86c1-b39f9a910d31','301fa990-b359-461e-9a9d-cca931280e80','bbb3df82-488a-41ea-8e76-ab69f3b1e75e',-1,30,'INVE851701250409','2025-04-09 10:01:24.433373','2025-04-09 10:01:24.433373',false,false),
	 ('0533712f-c062-4c31-8533-6c852800212e','3a4ba280-9344-4b33-9784-80e88a86cfbd','a9d09d7e-e7f9-440b-a7aa-fe023d8730fb',-1,30,'INVE925550250409','2025-04-09 10:02:51.536794','2025-04-09 10:02:51.536794',false,false),
	 ('32d37da5-6e24-49d7-bcbd-b900540230d8','7eae5420-025f-4588-8805-0d9b78fc801e','d64fbd56-f9b3-4788-a6e9-f3e5a480e6f8',-1,30,'INVE542489250409','2025-04-09 10:05:20.955362','2025-04-09 10:05:20.955362',false,false),
	 ('2b1183cd-84cf-4893-aab9-0573f31b235d','deaaf0eb-2df1-4845-8fe3-31bd963dac9f','347f8b62-1bb0-495f-998d-0ffeee470d0a',-1,30,'INVE192116250409','2025-04-09 10:06:14.434944','2025-04-09 10:06:14.434944',false,false),
	 ('d6b45106-0415-4358-ab49-bc8fb91c70a0','643709af-c846-42b8-a7f0-4337ac80f662','347f8b62-1bb0-495f-998d-0ffeee470d0a',-1,29,'INVE273667250409','2025-04-09 10:06:26.952348','2025-04-09 10:06:26.952348',false,false),
	 ('7250097e-f4c1-415c-a9a4-580aadb1e539','6f81d89c-9929-4ef2-89a1-b4b1ffc2bbc2','1566d6e1-0c10-4794-886b-f15cb1a7a74d',-1,30,'INVE482668250409','2025-04-09 10:06:35.872816','2025-04-09 10:06:35.872816',false,false),
	 ('3fd254e5-0aea-414f-83b3-413fe4ec19a7','5dd81824-3896-46ef-9551-54c4166a36aa','a6a3d453-de6d-4905-940d-f4d2ad2cd7f4',-1,30,'INVE932580250409','2025-04-09 10:06:45.720814','2025-04-09 10:06:45.720814',false,false),
	 ('a9ceb053-02d4-46ce-bc3d-54976305ef8f','12a1e6dd-8fc4-4c23-8bcb-14d9c33b2be8','6c2b5115-ae28-44de-8f05-e6f796947d09',-1,30,'INVE009876250409','2025-04-09 10:06:54.877916','2025-04-09 10:06:54.877916',false,false);
INSERT INTO inventory_note_item (inventory_note_item_id,inventory_note_id,product_in_store_id,stock_change,before_change,code,created_at,updated_at,is_deleted,is_suspended) VALUES
	 ('6d12c190-9049-40ef-aab1-bc4a0a46ec28','27b35ee2-a2c6-4434-91fa-6e09cdf3a81d','a9d09d7e-e7f9-440b-a7aa-fe023d8730fb',-1,29,'INVE636791250409','2025-04-09 10:07:07.141358','2025-04-09 10:07:07.141358',false,false),
	 ('e1c5f105-2891-4428-906f-f7b381b80961','4e43a035-4b18-437a-baa9-82f5401b870c','4d60e994-87cf-445f-9015-0951998157df',-1,30,'INVE622285250409','2025-04-09 10:07:17.055725','2025-04-09 10:07:17.055725',false,false),
	 ('fd5422ef-8230-4302-8c48-e8c1c8635964','4e43a035-4b18-437a-baa9-82f5401b870c','01dfcc2c-c7c0-4a40-bab9-7e5d49be7ef9',-1,30,'INVE200988250409','2025-04-09 10:07:17.055718','2025-04-09 10:07:17.055718',false,false),
	 ('72edfbd1-a1e1-47c3-ad01-98cc929aa852','aa3cbb8e-ac3b-4cb3-a467-a8da70187c7c','ad9c2c20-8da2-47a0-831d-94a69cc424c2',-1,29,'INVE515367250409','2025-04-09 10:07:40.619457','2025-04-09 10:07:40.619457',false,false),
	 ('b740a54d-b8a7-416f-a14c-7781275640fb','aa3cbb8e-ac3b-4cb3-a467-a8da70187c7c','572d8467-2e33-416c-baa6-9da8b25ceedd',-1,30,'INVE235068250409','2025-04-09 10:07:40.619412','2025-04-09 10:07:40.619412',false,false),
	 ('2f7fa1ff-663e-4043-979e-5173f6aa8c84','fc67dcff-1cd1-4aae-b0ba-c44dc529d81b','6c2b5115-ae28-44de-8f05-e6f796947d09',-1,29,'INVE941537250409','2025-04-09 10:09:30.283318','2025-04-09 10:09:30.283318',false,false),
	 ('69bb5252-e956-4f96-b868-bb85c1168e49','3359c7e0-f294-4c1c-ad90-57c58650a1b1','4d60e994-87cf-445f-9015-0951998157df',-1,29,'INVE060362250409','2025-04-09 10:09:40.423953','2025-04-09 10:09:40.423953',false,false),
	 ('cbf34a3b-b148-4074-a99b-8630d4f7c493','3359c7e0-f294-4c1c-ad90-57c58650a1b1','864e02dd-eb66-4af3-9873-e7606d9ccdde',-1,30,'INVE753470250409','2025-04-09 10:09:40.423937','2025-04-09 10:09:40.423937',false,false),
	 ('de31b472-485e-46e3-9b3b-33b4e4a7933d','42f1cd0d-310f-4127-8ea8-1a4708d43cdf','963c6740-5e92-4b5c-9c9a-d8bed451e429',-1,30,'INVE627893250409','2025-04-09 10:10:50.898309','2025-04-09 10:10:50.898309',false,false),
	 ('f5ad6beb-abfc-444f-bad2-d4683486c0c0','42f1cd0d-310f-4127-8ea8-1a4708d43cdf','6c2b5115-ae28-44de-8f05-e6f796947d09',-1,28,'INVE227820250409','2025-04-09 10:10:50.898317','2025-04-09 10:10:50.898317',false,false);
INSERT INTO inventory_note_item (inventory_note_item_id,inventory_note_id,product_in_store_id,stock_change,before_change,code,created_at,updated_at,is_deleted,is_suspended) VALUES
	 ('51b5921c-7d3d-403f-b46d-5cdffa12601c','6addc26e-b65d-4c5f-9558-428f7cabf406','1566d6e1-0c10-4794-886b-f15cb1a7a74d',-1,29,'INVE971913250409','2025-04-09 10:11:02.311016','2025-04-09 10:11:02.311016',false,false),
	 ('69030529-94b9-4100-886a-f3f6c06d3895','fc57c39a-c987-40db-941a-fcfb0d09c357','347f8b62-1bb0-495f-998d-0ffeee470d0a',-2,28,'INVE050740250409','2025-04-09 10:12:11.563457','2025-04-09 10:12:11.563457',false,false),
	 ('b8bcc43c-5d76-4473-94ab-90c5a1b3ce1a','fc57c39a-c987-40db-941a-fcfb0d09c357','864e02dd-eb66-4af3-9873-e7606d9ccdde',-1,29,'INVE328506250409','2025-04-09 10:12:11.563462','2025-04-09 10:12:11.563462',false,false),
	 ('eb0645e5-39b9-4569-8aa1-c2657ce79d9f','fc57c39a-c987-40db-941a-fcfb0d09c357','01dfcc2c-c7c0-4a40-bab9-7e5d49be7ef9',-1,29,'INVE660548250409','2025-04-09 10:12:11.563443','2025-04-09 10:12:11.563443',false,false),
	 ('ff92a4a9-f0a2-4ee8-a52b-e743d27b8f66','e1a725f5-7c1b-4e29-8250-60a22a05d2c1','01dfcc2c-c7c0-4a40-bab9-7e5d49be7ef9',-1,28,'INVE460685250409','2025-04-09 10:13:39.323653','2025-04-09 10:13:39.323654',false,false),
	 ('a6bba999-8896-48b9-8098-eaa37132ff4f','ada3692c-8b20-4fda-8dbb-27300fb6b94a','4d60e994-87cf-445f-9015-0951998157df',-1,28,'INVE002400250409','2025-04-09 10:13:54.448876','2025-04-09 10:13:54.448876',false,false),
	 ('ac49c453-fe61-4662-8d77-be3cf1a819d1','ada3692c-8b20-4fda-8dbb-27300fb6b94a','572d8467-2e33-416c-baa6-9da8b25ceedd',-1,29,'INVE560381250409','2025-04-09 10:13:54.448883','2025-04-09 10:13:54.448884',false,false),
	 ('1f1cae0b-cc86-47f6-9731-651c44035bd1','d6138d1c-3f77-4149-8672-1e8891b82a01','4d60e994-87cf-445f-9015-0951998157df',-1,27,'INVE777806250409','2025-04-09 10:14:05.439372','2025-04-09 10:14:05.439372',false,false),
	 ('bccffffb-4890-47b5-8bd7-19184f003223','d6138d1c-3f77-4149-8672-1e8891b82a01','01dfcc2c-c7c0-4a40-bab9-7e5d49be7ef9',-1,27,'INVE974966250409','2025-04-09 10:14:05.439366','2025-04-09 10:14:05.439366',false,false),
	 ('56328d56-aabe-4bd4-b65c-665d6d55d66e','b609d414-c3bf-4a4b-9a02-c31cc9a1375b','1566d6e1-0c10-4794-886b-f15cb1a7a74d',-1,28,'INVE977328250409','2025-04-09 10:14:55.098716','2025-04-09 10:14:55.098716',false,false);
